,count
aa,5
aadc,1
aaebc,1
aaf,1
aand,1
aaron,2
ab,12
aba,2
aback,1
abandon,2
abandoned,2
abaut,1
abb,1
abd,1
abec,14
ability,14
abit,1
able,136
abnormally,1
abominable,1
abrasive,2
abrate,1
abrates,1
abroad,1
absent,1
absolute,4
absolutely,22
absorbed,1
absorber,9
absorption,4
absurdly,1
abt,1
abuse,1
ac,6
aca,1
academy,1
acc,1
accelerate,2
accelerates,1
accent,2
accept,7
acceptable,1
accepting,2
access,4
accessible,2
accessorie,1
accessory,4
accessorynavicular,1
accident,1
accidentally,4
acclimate,1
accommodate,9
accommodates,3
accomodate,1
accomplish,3
according,18
accordingly,2
account,5
accumulated,1
accurate,7
accurately,1
accustomed,1
acetone,1
acfdb,1
ache,5
achievable,1
achieve,7
achievement,2
achieving,1
achilles,3
aching,2
acid,2
acquire,1
acquired,2
across,29
act,4
action,4
active,8
activity,16
actor,1
actual,24
actually,71
ad,8
adad,1
adapt,13
adaptbrand,2
adapter,7
adapting,1
adaptor,3
adapts,6
adc,1
add,21
added,7
addict,1
addicted,2
addicting,1
adding,7
addition,5
additional,9
addone,1
address,2
adelaide,1
adequate,1
adf,1
adhwmnexbpsw,1
adidas,1
adilette,1
adjacent,1
adjust,14
adjustability,2
adjustable,7
adjusted,2
adjusting,3
adjustment,3
admit,5
admits,1
admitted,1
admittedly,4
adorable,1
adore,2
adult,18
advance,112
advanced,15
advancing,1
advantage,7
adventure,1
advertised,5
advice,163
advisable,1
advise,7
advised,1
ae,8
aef,1
aeo,1
aeon,85
aerial,2
aerie,1
aero,1
aerobic,2
aeroblades,1
aesthetic,6
aesthetically,3
aeyo,1
af,8
afaik,1
afcdb,1
afd,1
affc,1
affd,1
affect,12
affected,1
affecting,1
affiliation,1
affinity,1
afford,10
affordable,12
afield,1
aforementioned,1
afqwy,1
afraid,23
aft,1
aftermarket,3
afternoon,1
afterpay,1
afterthought,1
afterwards,4
ag,1
age,19
aged,4
agent,1
aggresive,2
aggresives,1
aggressive,231
aggressiveinline,2
aggressively,4
aggressives,3
aggro,1
agile,9
agility,5
agitated,1
ago,128
agony,1
agree,3
agreed,1
agreeing,1
agressive,9
agressivly,1
agro,1
ahah,1
ahead,7
ahkfbdatfxnt,1
ahold,1
ahukewiexzhynsvtahxosj,1
ai,1
aid,1
aie,1
aim,3
air,9
airedale,1
airflow,1
airing,2
airwalk,2
airwalks,1
aj,1
ajstc,1
ak,1
aka,1
akate,1
akd,1
akin,2
aksing,1
akward,1
ala,1
alameda,1
alat,1
albeit,3
album,5
albury,1
alchemy,1
alcohol,2
alekk,1
alex,3
alexandria,1
alexis,5
ali,1
alien,2
alienated,5
aliexpress,1
aligned,3
alignment,4
alike,1
alkali,1
alle,2
alleged,1
allen,7
alleviate,1
alleviating,1
alleviation,1
alley,3
allot,1
allow,13
allowance,1
allowed,9
allowing,3
allows,6
allthe,1
ally,1
almost,67
alnog,1
alone,12
along,25
alongside,2
alot,10
alpha,2
already,76
alright,11
also,416
alternate,2
alternated,1
alternative,17
alternatively,2
although,26
altogether,1
altogther,1
alu,2
aluminium,6
aluminum,12
always,107
amateur,2
amazing,25
amazon,38
ambidexterity,1
ambidextrous,3
ambiguous,2
amd,1
amenable,1
america,1
american,5
amid,1
among,3
amount,39
amp,468
ample,2
amusingly,1
anarchy,2
ancient,2
andrew,2
android,2
anecdotal,1
anecdote,1
angeles,3
anger,1
angle,8
angled,2
angling,1
anhwsbw,1
anime,1
ankel,1
ankels,1
ankle,179
anmyhvg,1
anniversary,1
announced,1
announcer,1
annoyance,1
annoying,9
annual,2
anodize,2
another,86
answed,1
answer,38
anterior,1
anti,31
antibacterial,1
anticipate,1
anticipating,1
anticipation,1
antidote,1
antirocker,5
antirockers,1
antishocks,1
anxiety,8
anxious,3
anxiously,1
anybody,44
anyhow,1
anymore,27
anyone,424
anyones,1
anything,139
anytime,2
anywags,1
anyway,40
anyways,14
anywhere,35
anywho,1
anza,1
ap,1
apa,4
apart,21
apartment,4
apbfiaxk,1
api,3
apologize,7
apologizes,1
apology,5
app,11
apparent,2
apparently,11
appart,1
appartment,1
appeal,2
appealing,3
appear,2
appearance,3
appeared,3
appears,2
appleswap,1
applicable,1
applied,3
apply,4
appreciable,2
appreciate,49
appreciated,101
apprehensive,1
approach,6
appropriate,9
approved,1
approx,2
approximately,3
apps,3
apreciate,1
april,5
apt,1
aqvlsguasch,1
aragon,7
arbiter,1
arc,3
arch,69
arched,1
archiveable,1
arctic,1
area,82
arent,1
arg,1
argon,7
argue,2
argument,2
arise,1
arizona,2
arm,14
arman,1
armour,1
around,329
arrive,9
arrived,16
arriving,3
arrrggghhhh,1
arsenal,1
art,2
artbud,1
arthritis,1
article,4
artistic,7
as,15
asap,4
asavyu,1
asd,1
ash,2
ashphalt,1
asia,1
aside,6
asin,3
ask,43
asked,8
asking,35
asks,1
asleep,1
asp,3
aspect,4
asphalt,44
aspiration,2
aspire,3
assemble,1
assist,1
assistant,2
association,1
assume,10
assumed,3
assuming,5
assumingly,1
assumption,1
astonishingly,1
aswell,1
async,1
ate,1
athens,1
athlete,1
athletic,9
athleticism,1
atlas,3
atleast,1
atm,8
atom,3
attach,5
attached,9
attaching,1
attachment,3
attacking,1
attatch,1
attempt,5
attempted,2
attempting,5
attemt,1
attend,1
attention,5
attracted,1
atw,1
au,6
auction,1
aud,2
audience,1
august,3
auoanoecamqag,1
austin,1
australia,6
australian,1
austria,1
authentic,1
autism,1
autistic,1
auto,71
automatic,1
automatically,2
autumn,1
av,3
avail,2
availability,5
available,34
avant,1
average,18
avid,3
avoid,21
avoided,2
avoiding,2
aw,1
awaiting,1
aware,9
awareness,1
away,40
awesome,32
awful,6
awhile,10
awkward,6
awkwardly,2
awsome,1
axel,15
axels,3
axle,45
az,3
b,270
ba,6
baby,4
back,361
background,9
backlash,1
backorder,1
backordered,1
backpack,5
backpacker,1
backplate,1
backroads,1
backside,3
backslide,2
backup,1
backw,1
backward,7
backwards,39
bad,82
badebdcaffaaa,1
badly,5
bag,22
baggy,2
bail,1
bailed,1
baking,4
balance,44
balanced,3
balancing,3
balencing,1
ball,12
balled,1
ballpark,1
bamboozled,1
banana,4
band,3
bandaids,1
banded,1
bang,5
bangalore,1
bank,9
bankroll,1
banning,1
bar,2
barber,1
barcelona,1
bare,4
barefoot,2
barely,16
bargain,1
barking,3
barrage,1
base,13
based,28
basement,1
bashed,1
bashing,1
basic,58
basically,54
basis,1
bat,1
bath,2
bathing,1
batman,1
battery,1
battling,1
bauer,16
bauers,3
bay,2
bayside,1
baysideblades,2
bb,5
bbb,1
bbd,1
bbf,1
bbhaaeiwa,1
bc,15
bca,1
bcb,2
bcf,1
bcfd,1
bcn,2
bcs,1
bcuz,1
bd,6
bday,1
bdc,2
bdf,1
bdfca,1
bea,2
beach,4
bear,3
bearing,154
bearringball,1
beat,7
beaten,1
beating,5
beautiful,8
beauty,3
beb,1
became,5
become,18
becomes,8
becoming,5
becuase,2
bee,2
beefy,1
beein,1
beem,1
beer,8
beforehand,1
befriend,1
began,4
beggar,1
begging,1
begginners,1
begin,6
beginner,127
beginning,15
behave,2
behind,18
behold,1
believe,29
believing,1
bell,1
belong,3
beloved,2
belt,1
ben,1
bench,1
bend,11
bending,6
beneath,1
beneficial,2
benefit,14
benifit,1
bent,8
benzine,1
berlin,1
bern,2
bernadino,1
beside,1
besides,18
best,143
bet,1
beta,2
betcha,1
better,219
beware,1
beyond,4
bf,9
bff,1
bhg,1
bi,1
bicycle,8
bicycling,1
big,180
bigger,73
biggest,13
bih,1
bike,43
biking,9
bill,4
binge,1
binging,2
bio,1
bionic,1
biontech,1
bird,2
birth,1
birthday,8
bishop,4
bit,235
bite,9
biting,1
biw,1
biz,1
bizarre,1
bkb,3
black,75
blacktop,3
blade,184
bladed,7
blader,4
bladers,28
bladerunner,4
bladerunners,1
bladeville,7
bladeworx,1
bladies,3
bladin,1
blading,79
blame,1
blaming,1
blank,2
blare,1
blast,3
blasted,1
blasting,1
blax,2
bldc,1
bleed,2
bleeding,1
blemish,1
bless,2
blessing,1
blew,1
blindly,1
blinking,1
blister,20
blizzard,1
bloated,1
block,26
blocked,1
blockquote,2
blood,3
bloodstain,1
bloody,2
blown,2
blue,16
bluetooth,1
bmx,1
bmxer,1
bmyq,1
boa,9
board,8
boarder,1
boarding,2
boardwalk,2
boat,3
bobi,1
body,37
boil,1
bois,1
bolino,1
bolt,44
bolted,1
bom,1
bombing,4
bone,31
bont,6
bonus,5
bony,4
book,1
bookbag,2
boom,2
boot,480
booty,1
borat,1
border,2
bored,2
boring,3
borough,1
borrowed,3
borrowing,1
bos,1
boston,1
bot,1
bother,6
bothered,4
boths,1
bottle,1
bottom,18
bought,173
bounce,1
bouncing,1
bound,2
boundary,1
bout,1
bow,3
bowl,11
bowlegged,1
box,40
boxcar,2
boy,15
boyfriend,4
bpg,2
br,2
brace,5
bracket,1
braille,1
brain,7
brainsaver,1
brake,92
braking,8
branch,2
brand,153
branded,3
branding,1
brannock,1
brattey,1
brave,1
braver,2
bread,1
break,90
breakdown,1
breaking,22
breakthrough,1
brearings,1
breath,3
breathability,1
breathable,3
breathe,1
breathing,1
breking,1
brian,4
brick,3
bridge,2
brief,2
briefly,5
bring,17
bringing,1
brink,2
brisbane,1
british,1
broad,2
broccoli,1
broke,24
broken,20
brooklyn,1
broskow,2
broskows,1
brother,3
brought,6
brown,6
browse,1
browsed,1
browsing,1
bruise,2
bruised,2
bruising,3
brunt,1
brused,1
brush,1
brussels,1
brute,1
bt,1
btg,1
btw,13
bubble,1
buck,9
bucket,1
buckle,56
buckled,2
buckling,2
buddy,6
budget,64
bug,2
bugged,1
bugging,1
buie,1
build,27
building,11
built,17
builtin,2
buio,5
bulging,2
bulkier,1
bulky,6
bullet,7
bullhead,1
bum,1
bumed,1
bummed,6
bummer,1
bump,11
bumped,3
bumper,1
bumpier,1
bumpy,10
bunch,16
bunched,1
bunching,1
bundle,2
bunion,1
bunyons,1
burger,1
burgundy,1
burn,1
burning,1
bury,1
bus,4
bush,1
business,3
busing,1
bussines,1
bust,3
busted,3
busy,4
butt,7
butter,2
button,2
buy,265
buyer,9
buying,90
buzzing,1
bwe,1
c,94
ca,16
cabron,1
cacab,1
cache,2
cactus,1
cad,2
cadence,1
cake,1
cal,1
calculate,1
calculated,1
calculation,5
calendar,2
calf,9
california,3
caliper,1
calisthenic,1
call,18
called,28
calling,4
callus,1
calm,2
camayo,1
came,55
camera,5
camp,3
campaign,1
campus,8
can,1
canada,7
canadian,1
canal,1
cancelled,2
cancer,1
candidate,1
cankles,1
cannot,26
cant,30
cap,1
capable,3
capitalist,1
capitalplanning,1
capo,2
car,16
carbon,86
card,7
cardiff,1
cardio,6
care,16
career,3
careful,1
carefully,3
caring,1
carpet,5
carry,8
carrying,4
cart,2
carve,10
carving,4
case,35
cash,7
cast,1
castaway,1
casted,2
casterboard,1
casual,19
casually,9
cat,4
catalog,3
catastrophic,2
catch,6
catching,1
catchy,1
category,3
caters,1
catwalk,2
cau,1
caught,1
causal,2
cause,33
caused,7
causing,9
caved,1
cb,3
cbcb,1
cbd,1
cbfc,1
cc,7
ccbc,1
ccbf,1
ccew,1
ccm,1
cd,2
cdc,1
cdec,1
cdn,4
ce,6
ceba,1
cee,2
celbii,1
cell,1
celsius,1
cement,1
center,13
centered,1
centimeter,2
central,6
centre,3
centred,2
ceramic,4
certain,10
certainly,3
certified,1
ceryl,1
cesar,1
cf,6
cfb,1
cfdc,1
cggwyk,2
cgltr,1
ch,1
chaco,1
chaffing,1
chafing,2
chain,3
chalked,1
challenge,17
challenged,1
challenging,1
champ,1
champion,2
chance,18
change,47
changeable,2
changed,12
changer,3
changing,15
channel,15
character,2
charge,1
charset,1
chart,34
chase,4
chasing,1
chasis,1
chassis,4
chat,3
chatted,1
chaya,2
chayas,2
cheap,62
cheaped,1
cheaper,15
cheapest,3
cheapish,3
cheapo,1
cheapy,1
chech,1
check,16
checked,6
checking,6
checklist,1
cheddar,1
cheek,1
cheer,17
chemo,1
cherry,2
chest,6
chf,1
chicago,5
chicagoland,1
chicken,2
child,12
childhood,7
chill,1
chin,1
china,2
chip,1
choice,35
choose,21
chooser,1
chooses,1
choosing,3
chore,2
chose,9
chow,1
chris,4
christmas,28
chronic,2
chuck,2
chucking,1
chunk,2
chunking,1
chunky,1
church,2
cigarette,1
circa,4
circle,5
circled,1
circling,1
circular,2
circulation,2
circumference,1
circus,1
citrus,2
city,96
civility,1
cj,18
cjf,5
cjs,1
cjwkcaiayc,1
cjydfikjfku,2
claim,2
claimed,1
claiming,1
clapham,1
clarification,3
clarify,3
clasp,1
class,6
classic,7
classical,2
classify,1
claustrophobia,1
clean,25
cleanable,1
cleaned,3
cleaner,5
cleaning,14
cleanly,1
clear,9
clearance,5
cleared,2
clearest,1
clearly,5
clever,1
clhhrcnq,2
click,5
clicking,2
client,1
cliff,1
climate,2
climb,1
climbing,6
clip,12
clipping,2
clippy,1
cljkskrrzcc,1
clone,1
close,35
closed,9
closer,7
closest,4
closet,2
closing,1
closure,1
clothes,3
clothing,3
cloud,2
clovis,1
club,3
clue,5
clueless,3
clumsiness,1
clumsy,5
clunky,1
cm,181
cnc,2
cnced,2
cncing,1
co,21
coach,1
coarse,1
coast,2
coasting,1
coating,1
cobble,1
cobblestone,3
cobbly,1
code,7
coincidence,1
cold,8
colder,2
coldest,1
collaboration,1
collapse,1
collect,3
collected,1
collection,12
college,11
collision,1
color,25
colorado,1
colored,3
colorful,1
colorway,4
colour,2
column,1
com,274
combination,8
combine,1
combining,1
combo,2
come,144
comeback,1
comercially,1
comfort,24
comfortability,1
comfortable,105
comfortably,12
comftrable,2
comfy,14
coming,37
comment,44
commented,1
commission,2
commit,7
committing,1
common,14
communicate,1
communication,1
community,47
commute,12
commuter,2
commuting,10
compact,1
company,24
comparable,8
comparative,1
compare,13
compared,29
comparing,4
comparison,12
compatibility,2
compatible,7
compensate,3
compete,1
competent,3
competition,6
compile,1
complain,2
complaint,2
complete,25
completed,4
completely,32
completes,2
complicated,3
complication,1
compliment,1
comply,1
component,4
composite,1
compress,3
compressed,1
compressing,2
compression,3
comprimise,1
compromise,3
compromised,1
computer,1
con,13
concentrate,1
concern,11
concerned,17
concerning,1
concidering,1
concluded,2
conclusion,1
concrete,30
condition,33
condo,1
cone,7
confess,1
confidence,11
confident,22
confidently,5
confidenty,1
config,2
configs,1
configuration,4
confines,1
confirm,8
confirmation,1
confirmed,3
confirming,2
conflicted,1
conflicting,6
conform,1
confortable,1
confused,16
confuses,1
confusing,6
confusingly,1
conjunction,2
connect,3
connected,1
connecticut,1
connecting,1
connection,2
connector,2
connery,1
conplicate,1
conscious,2
consciously,3
consecutive,1
consensus,1
consequence,1
consider,31
considerable,1
considerably,2
consideration,7
considered,10
considering,48
consigned,1
consistent,2
consistently,9
consolidate,1
constant,4
constantly,9
consternation,1
constitutes,1
constraint,1
constricting,2
construction,4
consulted,1
consulting,1
consumables,1
contact,7
contacted,5
contacting,1
contemplating,3
content,7
context,9
continental,2
continue,11
continued,2
continues,1
continuous,2
continuously,2
contradicted,1
contradictory,1
contrast,1
contribute,1
contributes,1
control,48
controllable,2
controlling,3
controversy,1
convenient,2
conveniently,1
conventional,1
conversation,1
conversely,1
conversion,7
convert,3
convince,3
convinced,1
convincing,1
convoluted,1
cooked,1
cool,39
cooler,1
coolest,1
cooling,1
coordinated,1
coordination,2
cop,2
copenhagen,2
coping,8
copper,1
copy,3
copycat,1
copying,1
core,31
corn,1
corner,6
corona,4
coronavirus,2
corporation,1
correct,19
correcting,1
correction,1
correctly,5
correlate,1
correlating,1
correlation,1
cory,1
cosmetic,1
cosmetically,1
cosmic,1
cosmics,1
cosmo,1
cosmos,2
cost,25
costly,2
cotton,3
couch,1
coul,1
could,239
couldnt,2
council,1
count,3
country,23
countryside,2
county,1
couple,72
coupon,2
courage,1
courier,1
course,18
court,1
courtesy,1
cover,13
coverage,3
covered,3
covering,1
covid,23
coyote,1
cp,10
cpc,1
cpcy,2
cr,5
crack,14
cracked,5
cracking,1
cracky,1
craftsmanship,1
craigslist,7
crammed,2
cramp,4
cramped,3
crams,1
crank,2
cranked,1
cranky,1
crap,1
crapped,1
crapping,1
crappy,2
crash,1
craves,1
craving,1
crawl,1
crazier,1
crazy,40
creak,1
cream,1
crease,1
create,12
created,4
creates,1
creating,3
creative,4
creatively,1
creator,1
cred,1
credit,7
creek,1
creme,1
crew,4
crimson,2
crisis,1
crisscross,1
criterion,2
croatia,1
cronos,1
crooked,2
cross,20
crossed,2
crossing,1
crossmax,1
crossover,27
crosspost,1
crosstrain,1
crosswalk,3
crouch,2
croud,1
crowded,1
crown,12
crucial,1
cruise,20
cruised,1
cruiser,19
cruising,36
crumbling,1
crunched,1
crunchy,1
crusader,1
crush,2
crushed,5
crusted,1
crusty,2
crutch,1
csr,1
cswuyuw,1
cu,1
cuarently,1
cuff,75
cufs,2
culminate,1
cult,16
culture,4
cup,1
cupping,1
curb,18
curio,1
curiosity,2
curious,52
curl,2
curled,1
curling,2
current,53
currently,99
cursing,2
curve,7
curved,3
cushion,3
cushioned,1
cussing,1
custom,22
customer,8
customizable,2
customize,2
customizing,1
cut,27
cute,7
cutout,2
cutting,3
cuz,8
cvmtwjz,2
cwqdf,1
cx,1
cxmo,1
cycle,3
cycled,1
cycling,3
cyclist,2
d,2
da,3
daa,1
dabble,2
dabbled,2
dabbling,1
dad,4
daddy,1
daily,10
damage,10
damaged,4
damaging,1
damien,1
damn,11
damp,4
dampen,1
damper,2
dance,7
dancing,10
dancy,1
dandy,1
dang,2
danger,3
dangerous,4
danny,6
dany,1
dare,1
dargiewicz,1
dark,5
darn,3
darri,1
dart,3
dasilva,1
data,2
date,7
dating,1
daughter,8
dave,2
day,161
daylight,1
db,2
dbe,1
dbfae,1
dc,6
dcb,1
dcbdavg,2
dcdf,1
dd,9
dda,2
ddd,1
de,8
dead,9
deadxbacemint,1
deaky,1
deal,38
dealing,1
dealt,1
dear,2
death,2
debating,5
decade,10
decathlon,9
december,2
decent,50
decently,7
deciced,1
decide,27
decided,68
deciding,7
decision,10
decorate,1
decorative,1
decrease,2
dedicate,1
dedicated,8
deeb,1
deep,6
deeper,2
deeply,1
deer,1
def,1
default,13
defeated,1
defect,2
defective,1
definately,1
define,1
definetely,1
definitely,33
definitive,1
defintly,1
degrading,1
degreaser,1
degreasers,1
degree,12
delaying,1
delete,1
deleted,44
delight,1
deliver,1
delivered,4
delivery,1
delta,4
delux,1
deluxe,20
demand,3
denmark,1
density,1
denver,1
denying,1
deodorize,1
deodorizing,1
departing,1
dependant,1
depending,16
depends,1
depot,4
depreciating,1
depression,4
depth,1
der,5
derive,1
descended,1
descendent,1
descpage,10
describe,2
described,1
describes,1
description,3
desert,2
deserve,1
deshi,2
deshis,1
design,20
designed,6
desinfected,1
desire,1
desired,3
desk,1
desperate,1
desperately,1
despite,11
destination,1
destroy,4
destroyed,7
detachable,1
detail,13
detailed,1
determine,2
determined,1
determining,2
detracts,1
detrimental,1
detroit,1
deutschland,1
develop,9
developed,3
developing,1
device,2
devolved,1
df,9
dfa,1
dfbd,1
dff,1
dffd,1
dfjyok,1
dhps,1
diagnosed,2
dialed,1
diameter,8
dian,1
dick,3
dickssportinggoods,1
dictate,1
didnt,8
die,1
diego,3
dieting,2
diff,1
difference,112
different,127
differently,3
differnces,1
difficult,20
difficulty,1
diffrance,1
dig,3
diggin,1
digging,4
digress,1
dilemma,4
dime,2
dimension,6
diminish,1
din,1
ding,1
dinner,1
dip,1
dipping,1
direct,5
directing,1
direction,28
directly,11
dirt,6
dirtier,2
dirty,2
disabled,1
disadvantage,2
disagree,2
disappear,1
disappeared,3
disappointed,3
disassemble,1
disassembled,1
disaster,1
discipline,1
disco,2
discomfort,7
discontinued,3
discord,4
discount,4
discounted,2
discourage,2
discouraged,2
discover,3
discovered,7
discus,1
discussed,1
discussing,1
discussion,3
disgusting,1
disigner,1
disintegrated,3
dislike,4
dislocate,1
dismissing,1
disparate,1
dispelled,1
disregarding,1
dissuaded,1
distance,49
distant,1
distinction,1
distinctive,1
distract,1
distracting,1
distribute,1
distribution,2
district,1
ditch,3
ditched,1
diving,1
diy,5
dizzy,1
dj,1
dk,2
dl,1
dm,3
dmv,1
dnt,1
doable,2
doc,3
doctor,2
dodge,1
dodgy,1
doe,1
doesnt,3
dog,13
dollar,11
domain,4
dominant,10
dominate,1
donation,1
done,48
dont,36
doop,2
door,1
doos,1
dope,4
dorm,1
dose,2
dosnt,1
double,15
doubled,1
doubt,2
downgrade,1
downhill,12
downside,5
downsize,11
downsized,3
downsizing,12
downtown,3
downward,1
dozen,1
dp,9
dpr,1
dq,7
dr,14
drag,4
dragged,1
dragging,7
dragstop,1
drain,1
dramatic,1
dramatically,2
drastically,1
draw,2
drawback,2
drawing,2
drawn,3
dre,1
dreaded,1
dreading,1
dream,10
dreaming,3
dremel,3
dremeled,1
drenched,1
drew,1
dried,1
drift,4
drifting,2
drill,14
drilled,1
drilling,2
drink,1
dripping,1
drive,12
drivesdk,2
driveway,4
driving,3
drop,15
dropbox,1
dropped,2
dropping,5
drought,1
drove,1
drunk,1
dry,6
dryer,3
dt,3
dtc,1
dtsi,1
dual,10
duck,2
duct,3
dude,9
due,56
dug,3
dull,2
duller,1
dumb,11
dumbass,1
dump,1
dumrwhnw,1
dunno,2
duo,2
duplicate,1
durability,9
durable,24
durameter,1
durometer,7
durring,1
dust,3
dusty,1
duty,1
dvd,1
dvgjx,1
dye,5
dyeing,1
dying,3
dylqvfckh,2
dz,1
e,112
ea,3
eaab,1
eadc,1
eae,1
eager,1
eagle,53
eakins,1
eant,1
ear,9
earbuds,3
earlier,6
early,19
earn,1
earth,1
earthcity,1
ease,9
easely,1
easier,38
easiest,3
easily,23
east,2
easy,44
eat,3
eaten,1
eating,2
eaven,1
eb,5
eba,1
ebay,12
ebfbd,1
ebff,1
ebike,1
ebikes,1
ec,10
eccentric,1
ece,1
ecf,1
eclipse,2
eco,1
ecqjy,1
ecstatic,1
ect,2
ecycxggn,1
ed,2
edbd,1
edc,2
eddie,1
ede,1
edea,1
edge,129
edging,1
edgy,1
edinburgh,1
edit,11
edited,1
edition,4
edu,2
educated,1
education,1
ee,10
eecf,1
eedb,1
eee,3
ef,4
efaab,1
efc,2
efde,1
efe,2
eff,1
effect,6
effective,10
effectively,6
efficiency,1
efficient,6
effort,6
eg,4
egg,1
eghrxjg,2
ego,4
eight,2
eislers,1
either,79
ej,1
ejected,1
ejrrdpqn,1
el,1
elaborate,1
elastic,1
elasticity,1
elbow,15
elbowprotection,1
electrical,1
electrically,1
electronics,1
element,41
elemental,1
elementary,2
eli,1
eliminated,2
elite,10
elliot,2
else,77
elsewhere,4
em,9
email,7
emailed,1
emailing,1
embarrass,1
embarrassed,3
embarrassing,2
embarrassment,1
embed,2
emdpxm,1
emerge,1
emergency,2
eminem,1
emobility,1
emoji,1
emotion,1
employee,1
empty,6
emulate,1
en,20
enables,1
enbies,1
encoding,2
encompassing,1
encounter,2
encountered,1
encourage,2
encouraged,2
encouraging,4
encroaching,1
encrypted,1
end,73
ended,27
ending,3
endless,96
endomondo,8
endurance,7
endured,1
enduring,1
enemy,1
energy,3
enforce,1
engage,1
engaging,1
engine,3
england,3
english,5
enhance,2
enin,1
enjou,1
enjoy,34
enjoyable,1
enjoyed,10
enjoying,13
enjoyment,3
enkidu,2
ennui,10
enormous,2
enough,113
ensure,1
entail,1
enter,1
entertained,1
enthusiasm,1
enthusiast,1
entire,9
entirely,13
entrance,1
entry,7
envious,1
environment,7
enviz,1
enx,2
enzo,2
eogu,1
eon,1
epic,1
episode,1
eps,1
epv,1
eq,2
equal,3
equally,1
equipment,7
equipped,2
equivalent,5
er,1
era,2
ergonomic,1
ergonomics,1
error,3
esc,1
esco,1
esp,3
especially,33
espouse,1
essential,3
essentially,5
est,2
established,1
estate,1
estilo,1
estimate,1
et,1
etc,104
eternally,1
ethic,1
ethpz,1
etiquette,1
eto,1
eu,125
eugen,1
eur,14
euro,11
europe,5
european,4
evaporated,1
even,224
evening,2
evenly,1
event,5
eventually,38
ever,64
eversion,1
every,70
everybody,4
everyday,6
everyone,88
everything,52
everytime,6
everywhere,25
evo,20
evolution,1
evolved,1
evos,1
ex,1
exact,9
exactly,32
examined,1
example,23
exasperated,1
excellent,5
except,13
exception,5
excersise,2
excersize,1
excess,1
excessively,2
exchange,6
exchanging,2
excited,23
excitement,2
excites,1
exciting,2
exclude,1
excluding,1
exclusionary,3
exclusively,1
excruciating,1
excruciatingly,1
excuse,2
execute,2
execution,1
exercise,42
exercising,1
exhausted,1
exhausting,1
exist,14
existence,1
existing,4
exists,1
exit,1
exoskeleton,1
expand,4
expect,14
expectation,1
expected,11
expecting,4
expense,1
expensive,51
experience,122
experienced,26
experiencing,1
experiment,1
experimentation,1
experimented,2
expert,8
expertise,1
explain,7
explained,3
explaining,1
explains,1
explanation,1
explanatory,2
explode,1
exploration,1
explore,2
explored,1
exploring,2
exposed,2
express,3
expressed,2
expressing,1
extend,2
extended,1
extensively,2
external,1
extra,50
extreme,9
extremely,17
extremeskates,1
extruded,4
eye,11
eyeballing,1
eyeing,6
eyelet,5
f,153
fa,6
faa,2
faac,1
faacb,1
faaf,1
fab,2
fabc,3
fabiola,1
fabric,5
face,7
facebook,16
faced,3
faceplant,2
facility,1
facing,4
fact,22
factor,3
factory,7
fad,3
fae,1
faeec,1
faf,2
fail,3
failed,2
failing,1
failure,1
faint,1
fair,20
fairly,29
fairy,2
faith,2
fake,1
faked,1
fakie,1
fakies,1
falcon,4
fall,65
fallen,7
falling,37
false,1
fam,4
familiar,12
family,7
famous,4
famus,3
fan,11
fanatic,1
fancier,1
fancy,17
fancyness,1
fantastic,11
faq,1
far,80
farmer,6
farther,4
farves,1
fasciitis,1
fascinates,1
fast,90
fasten,1
faster,22
fat,9
fatboy,5
father,1
fatigue,3
fatigued,1
fatter,2
fatty,4
fault,1
faulty,1
faux,1
fav,1
favor,3
favorable,1
favorite,23
favourite,6
fb,8
fbclid,2
fbd,1
fbr,1
fc,1
fcb,1
fd,7
fdaaba,1
fdd,2
fe,14
fear,14
fearless,1
featherlite,2
feature,18
featuring,1
feaxle,1
feb,1
february,2
fedab,1
federated,1
fediverse,1
fee,3
feed,2
feedback,17
feel,316
feeling,47
fef,1
fefdb,1
feinberg,1
feinbergs,2
fell,21
fella,1
fellow,11
felt,71
female,5
fence,7
ferdinand,1
feu,1
fewer,2
fewx,2
fex,1
ff,4
ffd,1
ffdc,1
ffj,1
ffk,1
fgss,1
fiance,2
fiasco,1
fiber,3
fibre,1
fibro,1
fiction,1
fieggen,1
field,2
fifth,9
fifty,2
fight,1
figure,53
figured,35
figuring,3
filament,1
file,5
fill,11
filla,1
filled,4
filling,1
film,3
filum,3
final,2
finally,39
financially,2
find,279
findable,1
finding,46
fine,66
finger,12
finish,3
finished,3
finishing,2
fire,1
fired,1
fireplace,1
firmly,3
first,277
firstly,2
fise,1
fish,2
fit,322
fitbit,1
fitment,3
fitness,64
fitnessinliner,1
fitted,4
fitting,19
five,7
fix,27
fixed,2
fixing,2
fixture,1
fiziks,1
fl,3
flag,1
flagship,1
flail,1
flailing,1
flair,1
flaky,1
flamingo,1
flaneurz,2
flashback,1
flashing,1
flashy,1
flat,131
flatfoot,1
flatland,1
flatter,1
flavor,2
flaw,1
flew,2
flex,17
flexibility,9
flexible,6
flexmeter,1
flexy,2
flick,1
flicked,1
flight,1
flimsy,2
flip,7
flipped,1
flipping,1
floating,2
floor,10
floored,1
flop,1
flopping,1
floppy,2
flopsy,1
florida,3
floss,2
flow,16
flower,1
flowskating,1
flt,4
fluently,1
fluffy,1
fluid,14
fluidity,1
fluoro,1
flush,2
flux,7
fly,1
flying,54
fm,2
fml,1
fn,2
foam,5
focal,1
focus,13
focused,2
focusing,1
focussing,1
folded,1
folk,20
follow,11
followed,2
following,12
follows,1
fomo,1
fond,1
food,2
fool,1
fooling,1
foot,652
footage,1
footbed,3
footed,7
footies,6
footlenght,1
footpath,2
footstep,2
footwear,1
footwork,5
footwrap,3
footwraps,1
foray,1
force,10
forced,1
forcefully,2
forecast,1
forefoot,2
foreign,1
foremost,1
foreseeable,1
foreshore,1
forest,2
forever,5
forget,3
forgive,3
forgiving,1
forgo,1
forgot,9
forgotten,1
fork,1
form,21
format,71
formation,1
formatting,2
formed,1
former,2
forming,1
formula,2
forrest,1
forth,7
fortunate,1
fortune,3
forum,8
forw,1
forward,60
found,119
foundation,1
founded,1
four,13
fout,1
fpnenvzvsl,1
fqsar,1
fr,340
fraction,1
fragile,1
frame,634
fran,1
france,1
francisco,1
franco,1
frankenskate,1
frankie,1
frankly,1
franky,1
franz,1
freak,1
freaking,1
freaky,1
free,38
freedom,4
freeing,2
freely,7
freeride,8
freeskate,13
freeskater,2
freeskates,10
freeskating,5
freespin,1
freestyle,55
freestyleslides,8
freeze,2
freezing,1
french,1
frens,1
frequent,2
frequently,3
fresh,3
freshly,1
freshman,2
fresno,1
friction,9
friday,7
friend,66
friendly,11
frightened,1
fritzysrollerskateshop,1
frmx,2
frmxs,1
front,86
frontrocker,1
frontside,5
frontsides,1
frskates,4
fruit,2
fruitboot,1
fruitbooter,1
frustrated,7
frustrating,5
frw,3
frwl,2
frws,1
frx,57
frxs,8
ft,7
ftl,1
fuck,4
fucked,1
fucker,1
fucking,5
fulfill,1
full,38
fullcredits,2
fully,17
fun,85
function,3
functional,5
fund,2
fundamental,3
fundraising,1
funnier,1
funny,5
fur,2
furious,1
furry,1
furthermore,3
furthest,1
fusion,3
future,25
fvmwu,1
fx,1
fyi,3
fzq,2
g,22
ga,1
gabriella,1
gadget,1
gain,6
gained,4
gainesville,1
gaining,1
gal,4
galaxy,2
gallery,5
gallon,1
game,11
gamesale,1
gang,3
gap,19
gaper,1
gapping,1
garage,9
garbage,5
gas,1
gasket,2
gated,1
gatekeeper,1
gatekeeping,3
gathered,1
gathering,2
gaurds,1
gave,7
gawd,1
gawds,6
gay,1
gazelle,7
gc,8
gclid,1
gclsrc,1
gctt,1
gear,39
geared,3
gee,1
geekiness,1
gel,4
gen,8
general,39
generalist,1
generally,17
generate,1
generated,1
generating,1
generation,3
generic,4
genesis,1
genesys,7
genetic,1
genius,2
gentle,4
gently,3
genuine,1
genuinely,4
geometry,1
georgia,1
german,2
germany,4
get,768
getgo,2
gettin,2
getting,251
gexzyjnnovx,1
gf,2
gfm,1
gfx,1
gg,3
ggaomt,1
ghosted,1
giant,1
gift,12
giftcard,2
giftcards,1
gifted,1
gilbert,1
gimme,1
gimmick,1
girl,7
girlfriend,9
giro,1
give,99
given,23
giving,15
gl,3
glad,5
glance,4
glaring,1
glass,1
gle,1
glide,13
gliding,7
global,1
gloomy,1
glove,10
glow,2
glt,1
glue,4
glueing,1
glute,1
gluteus,1
gmail,2
gmdlalh,1
gme,1
gnarly,2
gnashing,1
gnd,2
gnq,1
go,352
goair,1
goal,22
goalie,2
god,5
goddamn,1
goddamned,1
gofundme,1
goign,1
goin,1
going,224
gold,1
golden,1
goldmedalcompany,1
golf,2
gone,11
goner,1
gonna,33
goo,3
good,408
goodness,1
goof,1
goofy,1
google,13
googled,3
googling,1
goooo,1
goot,1
gorgeous,1
got,321
gotta,5
gotten,27
gottten,1
gout,1
government,1
gp,9
grab,8
grabbing,2
graceful,2
grad,1
grade,2
gradially,1
gradual,1
gradually,2
graduated,2
grail,1
gram,1
grammar,2
grand,2
grant,1
granted,2
graphic,1
graphite,3
grass,4
grassy,1
grateful,6
gravel,7
gravitated,1
gravity,6
grease,13
great,134
greater,2
greatest,3
greatly,24
greek,1
green,10
greenway,1
greeting,2
grew,9
grey,7
grind,72
grindbox,1
grinded,1
grindhouse,8
grinding,20
grip,15
gripe,1
gripped,1
grippier,1
grippy,5
gritty,1
grocery,1
groove,13
grossman,1
ground,59
groundcontrol,4
grounded,1
grounding,1
group,27
grovel,1
grow,4
growing,4
grown,1
grows,1
growth,1
grueling,1
gsg,1
gsocps,1
gsp,1
gstatic,1
gt,108
gto,6
gtos,1
gtupu,1
guard,28
guess,53
guessed,1
guessing,5
guidance,10
guide,18
guideline,1
guinness,1
guinnessworldrecords,1
gumtree,2
gun,16
gunk,1
gunn,2
gurls,1
guru,1
gut,4
gutted,5
gutting,2
guy,210
gv,1
gw,1
gxaczdw,4
gym,5
gymnasium,2
gyro,2
h,26
ha,3
habit,6
hacked,1
haffey,1
haggard,1
hah,1
haha,25
hahah,1
hahaha,2
hail,1
hair,7
halen,1
half,44
halfway,3
hall,1
halt,1
hammer,1
hammering,2
hand,61
handed,4
handful,6
handheld,1
handle,10
handled,1
handling,2
handy,3
hang,12
hanging,2
hank,1
happen,16
happened,16
happening,6
happens,9
happier,1
happily,1
happy,45
haraj,1
harbor,1
hard,158
hardboot,14
hardboots,3
hardcore,3
harder,26
hardest,3
hardly,9
hardness,21
hardshell,8
hardware,10
hardwood,1
harm,1
harming,1
harness,1
harsh,2
hassle,5
hast,1
hate,14
hated,1
hater,2
hatred,1
haunt,1
havent,7
hawaii,1
hawk,1
hblock,2
hc,4
hd,6
hdaa,1
he,1
head,27
headache,2
headed,2
headgun,1
heading,2
headphone,1
heal,7
healed,2
heals,1
health,4
healthier,1
healthily,1
healthy,4
heap,1
hear,54
heard,65
hearing,3
heart,7
heat,66
heated,1
heater,1
heating,3
heatmolding,1
heaven,1
heavier,6
heaviest,1
heavily,4
heavy,26
heck,3
hedonskate,6
heel,107
heelstoping,1
hefty,1
heh,1
height,33
held,3
helios,2
hell,14
hella,1
hello,104
helmet,55
help,278
helped,15
helpful,24
helping,13
helpp,1
hence,3
hero,1
hesitant,7
hesitate,1
hesitation,1
het,1
hex,1
hey,137
heya,1
heyo,1
heys,1
hhhhh,1
hi,214
hiatus,7
hiding,1
higer,1
high,81
higher,27
highest,1
highlight,4
highly,10
highschool,3
hight,1
highway,2
higlights,1
hiiiii,1
hike,1
hiking,1
hill,25
hilly,5
hindered,1
hindsight,2
hinge,4
hint,1
hip,10
hipper,1
hired,3
history,8
hit,35
hitting,11
hiya,2
hjnj,2
hjqrmopowf,1
hl,2
hmu,2
hn,1
hnuwtmxqje,1
ho,3
hoax,2
hobbie,1
hobbit,1
hobby,18
hockey,84
hog,2
hold,30
holder,1
holding,10
hole,17
holey,1
holiday,13
hollow,1
holy,3
homage,1
home,39
homepage,1
hometown,2
homme,1
homophobic,1
honest,10
honestly,15
honesty,1
honor,1
hoo,1
hood,1
hoodies,1
hook,1
hooked,5
hop,2
hope,48
hoped,1
hopefully,15
hopeless,1
hoping,59
hopping,1
horizontal,1
horrible,3
horrigan,1
hospital,2
hot,12
hotel,2
hotspot,1
hottest,1
houdini,1
hour,74
house,29
housing,2
hover,1
howdy,4
hower,1
however,109
hp,1
hpz,2
hqwy,1
hr,2
href,1
hrtwvm,1
hsd,1
ht,3
htizuymy,2
htm,24
html,28
http,422
hub,2
hug,2
huge,31
hugging,2
huis,1
humanly,1
humid,1
humor,1
hundred,4
hung,1
hunt,1
hurdle,1
hurricane,1
hurt,68
hurting,13
husband,4
hutchinson,1
huuv,1
hw,2
hybrid,7
hydration,1
hydrogen,23
hype,2
hyped,2
hyper,1
hyperframe,1
hyperskate,3
hypno,1
hypnoskates,1
hzi,1
iain,1
iam,1
ian,2
ib,2
ibas,1
ibb,7
ican,1
ice,82
iceblade,2
icekate,2
icerink,1
iceskate,1
iceskater,1
iconic,1
icp,1
id,14
idea,120
ideal,10
ideally,14
identical,4
identifiable,1
identified,2
idiot,3
idju,1
idk,21
iduhjvfoafbgrfahs,2
ie,5
ig,2
ignites,1
ignorant,1
ignore,1
ignored,1
igor,4
igors,4
igshid,2
ii,8
iii,4
ik,1
ikj,1
ikr,1
il,7
ilium,1
ill,11
illustrate,1
ilq,6
im,122
image,13
imaginable,1
imagine,14
imagined,1
imaginextreme,1
imapala,1
imdb,5
img,2
imgrc,1
imgur,53
imho,1
immediately,13
immense,2
immensely,1
immovable,1
imo,4
impact,13
impacted,1
impacting,1
impala,29
impalarollerskates,2
impede,1
impending,1
imperfect,1
imperfection,1
imperial,28
impg,1
import,1
important,25
importantly,5
impossible,13
impossibly,1
impress,1
impressed,1
impression,6
impressive,6
improper,1
improve,20
improved,2
improvement,6
improving,8
improvises,1
impulsive,1
imput,1
in,2
inactive,1
inb,1
inboard,1
inc,1
incapable,1
incase,1
incertitude,1
inch,19
incident,1
inclination,1
incline,12
inclined,1
include,5
included,9
includes,3
including,6
inclusive,1
income,2
inconclusive,1
inconsistent,1
inconvenient,1
incorporate,1
incorporates,1
incorrect,1
incorrectly,1
increase,8
increased,3
increasing,2
increasingly,2
incredible,4
incredibly,11
increment,1
indebted,1
indecision,1
indeed,1
indefinitely,1
independent,1
index,1
indiana,1
individual,5
indoor,16
indoors,4
industry,3
inercia,1
inevitable,1
inevitably,1
inexpensive,2
inexperience,1
inferno,1
infinitely,2
infinity,1
inflexibility,1
influence,1
influencers,2
influx,1
info,32
inform,1
information,29
informed,3
infra,1
ingredient,1
ingrown,2
inherently,2
inherited,1
inhibit,1
inhibition,1
initial,5
initially,8
initiate,1
initiation,1
injection,1
injured,2
injuring,2
injury,15
inline,275
inliner,1
inliners,2
inlines,55
inlineskates,7
inlineskating,2
inlinewarehouse,17
inm,1
inner,28
innovation,1
innovative,1
input,14
inquired,1
insane,3
insanely,2
insert,11
inserted,1
inserting,2
inside,70
insight,20
insite,1
insolate,1
insole,57
inspin,2
inspiration,3
inspire,1
inspired,8
inspires,1
inspiring,2
insta,2
instability,3
instagram,17
install,7
installation,3
installed,3
installing,2
instamorph,1
instance,5
instantly,2
instead,46
instep,4
instructed,2
instruction,3
instructional,2
instructor,3
insult,1
int,1
integrate,1
integrated,10
integration,1
integrity,1
intend,5
intended,8
intending,3
intends,1
intense,3
intensive,1
intention,1
intentional,1
interaction,1
interchange,1
interchangeable,4
interchangeably,1
interest,16
interested,73
interesting,17
interestingly,1
interfere,1
interferes,1
interior,6
interlocking,1
intermediate,25
internal,2
international,2
internationally,1
internet,8
internster,1
intersection,2
interstate,1
inticing,1
intimidated,2
intimidating,1
intricate,1
intrigued,1
intriguing,2
intro,2
introduce,1
ints,1
intuition,103
intuitively,1
intuiton,1
invader,8
invadors,1
invalidate,1
invented,1
inventory,1
inverted,1
invest,11
invested,1
investigating,1
investigation,1
investing,3
investment,2
invisible,1
invoice,1
involved,5
involves,1
involving,1
inward,5
inwards,5
io,1
ioe,2
ion,1
iossmf,1
iqlflr,1
irl,1
irnlqx,2
iron,1
irregularity,2
irritates,3
isch,1
ish,25
isnt,3
iso,2
isolated,1
isolation,1
israel,1
issue,110
italian,1
italy,1
itch,4
itching,1
itd,1
itdia,1
item,3
iteration,1
itok,1
iv,10
ive,44
ivry,1
iw,2
iwar,2
iwe,2
izfieqmk,2
j,5
jack,2
jackson,2
jam,5
jammed,1
jamming,1
jan,1
january,4
japan,1
japanese,4
japy,1
jargon,1
jaunt,1
jave,1
jbhj,1
jbms,1
jc,2
jeana,2
jeez,1
jeff,1
jeremy,1
jersey,2
jesus,1
jet,1
jfc,1
jfukkl,1
jhiy,1
jhon,1
jiky,1
jittering,1
jj,2
jjgyl,2
jksa,1
jlab,1
jm,1
jmiuumm,2
jmr,1
job,4
joey,4
jog,2
jogged,2
jogging,2
join,7
joined,3
joiner,1
joining,2
joint,8
jon,1
josephmorgan,2
josh,1
journey,7
joy,1
jpeg,1
jpg,67
jqat,2
jqauxy,2
jts,1
judge,2
judged,1
judging,1
judo,1
jug,14
juice,1
july,4
jump,63
jumped,2
jumping,18
june,6
junior,4
junk,1
junkie,1
justice,1
justifies,1
justify,4
justinthursday,2
jut,3
jutting,1
jw,1
jxgy,1
jyhdz,1
jz,2
k,92
kaltik,13
karma,1
kazes,1
kcal,1
kdclj,2
keen,2
keep,126
keeping,13
kees,1
kept,9
kerb,2
kevlar,2
key,9
keywords,1
kg,14
khcd,1
khrgbcp,1
ki,1
kick,6
kicked,3
kicking,2
kickstart,1
kickstarter,2
kickstarting,1
kickturn,3
kickturning,4
kid,90
kidding,1
kiddo,1
kiddos,1
kill,6
killed,3
killing,10
kilo,4
kilometer,1
kind,98
kinda,37
kindly,3
kindness,2
kinematics,3
kinetic,5
king,5
kit,12
kitchen,2
kitted,1
kizer,28
kizers,1
kizerv,1
kjtl,1
kl,2
kleenex,1
km,14
kmaucfrn,1
knabbed,1
knarycrocz,1
knee,58
kneepads,1
knew,9
knight,2
knightskate,2
kno,1
knock,4
knockoff,1
knot,2
know,492
knowing,5
knowledge,16
knowledgeable,2
known,12
knuckle,5
konixx,1
konjure,1
korea,2
kru,1
krypton,1
ks,1
ksj,2
kvk,1
kwe,1
kwpdexzghxm,2
kyiyv,1
kz,1
l,30
la,1
lab,3
labeda,1
label,2
labeled,1
labelled,1
labozzetta,1
lace,61
laced,4
lacing,16
lack,22
lacking,5
lady,2
lake,9
laminate,1
lancer,1
land,12
landed,5
landing,5
landmark,1
landroller,3
landskaters,1
lane,6
lang,3
language,2
lap,5
large,31
largely,1
larger,31
largesize,1
largest,3
lasalle,1
last,118
lasted,10
lasting,2
lastly,2
latch,3
late,9
lately,17
later,23
lateral,4
laterally,2
latest,1
latimers,1
latter,6
laugh,2
laughed,2
laughlin,1
launch,1
launched,1
laura,1
lauraleeconnery,2
lausanne,1
law,2
layer,3
layered,1
laying,4
layup,1
lb,37
lbojwm,1
le,99
lead,18
leaderboards,1
leading,8
leaf,6
league,2
lean,10
leaning,21
learn,125
learned,16
learner,1
learning,63
learnt,4
leash,2
least,42
leather,2
leave,10
leaving,4
led,7
ledge,23
lee,1
lef,1
left,88
leg,63
legacy,1
legit,7
legitimate,2
legitimately,1
leisure,5
leisurely,2
lemme,2
lemon,6
lend,2
lenght,2
length,67
lengthwise,7
leon,1
lessened,1
lesser,1
lesson,12
let,88
letgo,1
letting,2
level,45
leveling,1
lever,1
leverage,2
leverton,2
lfz,1
lha,1
lhzq,1
li,1
lie,4
liek,1
life,39
lifelong,2
lifestyle,1
lifetime,2
lift,17
lifting,3
ligament,3
light,50
lightbox,1
lighter,7
lightest,1
lightly,4
lightning,4
lightspeed,3
lightweight,7
lik,1
like,833
liked,16
likely,16
likening,1
liking,7
lil,2
limit,8
limited,17
limiting,2
line,31
lined,3
liner,410
lingers,1
lingo,2
lining,2
link,31
linked,2
lino,1
lion,1
lip,1
lisbon,1
list,21
listed,14
listen,9
listened,1
listening,1
listingimages,1
lit,3
lite,8
literal,3
literally,22
literature,1
lithium,6
litteraly,1
little,160
live,74
lived,2
living,10
lkyfy,1
lloyed,1
lmao,3
lmk,5
lnms,1
lo,19
load,3
lob,1
lobby,1
local,44
locally,4
locate,2
located,8
location,8
lock,17
lockdown,19
locked,7
locking,1
loco,5
locoskates,14
loctite,1
log,1
logan,1
loger,1
logic,1
logical,3
logo,8
lol,39
lomax,6
london,15
londoner,1
lonely,2
long,213
longboard,5
longboarders,1
longboarding,2
longboards,1
longed,1
longer,50
longest,6
longevity,4
longside,1
longterm,2
lonmq,1
look,222
looked,30
lookin,1
looking,528
lookout,2
loong,1
loop,5
loose,36
loosen,9
loosened,3
loosening,6
looser,1
loosing,3
lorenz,1
los,4
lose,16
loses,1
losing,7
loss,14
lost,31
lostock,1
lot,236
loud,3
louder,1
louie,1
louis,2
love,162
loved,28
lovely,5
loving,12
low,44
lower,41
lowered,1
lowering,1
lowes,4
lowest,1
lowkey,1
lqfguy,1
lqkzol,1
lr,2
lstop,1
lt,17
lube,7
lubed,1
lubing,1
lubricant,1
lubricating,2
lucas,4
luck,16
luckily,6
lucky,4
luigino,1
luminous,4
lunchtime,1
lunge,1
lurker,1
lurking,4
lust,1
lutz,1
luxury,1
lvvtatjla,1
lxc,1
ly,2
lying,2
lysie,1
lzcp,1
m,1
macdroblade,1
machine,4
machinery,1
machining,1
macro,1
macroblade,17
macrobladee,1
macroblades,4
mad,4
maddening,1
made,92
madrid,1
mafe,1
mag,1
magazine,2
magic,9
magical,1
magician,1
magnesium,1
magnitude,1
mail,9
mailto,1
main,32
mainly,45
maintain,10
maintained,2
maintaining,3
maintenance,9
majestic,1
major,12
majority,2
majorly,1
make,248
makeshift,1
making,44
makio,3
makios,1
male,2
mall,1
malleolus,1
malleous,1
mallet,1
man,14
manage,7
manageable,2
managed,14
manchester,1
mandated,1
mandatory,2
maneurability,1
maneuvar,1
maneuver,4
maneuverability,15
maneuverable,7
maneuvering,1
manhattan,2
manhole,2
manifest,1
manner,1
manoeuvrability,4
manoeuvre,2
mantia,2
manual,2
manually,1
manueverabilty,1
manufacture,4
manufacturer,7
manufacturing,1
manuverable,1
many,77
map,1
mapmyactivity,1
mapmyrun,1
mapmyx,1
mar,2
marathon,12
marathoning,1
march,6
marching,1
marco,1
marignane,1
mark,6
marked,2
market,13
marketed,1
marketing,1
marketplace,3
marking,1
marquee,1
marsblade,1
marsblades,1
mary,1
mash,1
mashing,1
mask,3
masked,1
mass,1
massacred,1
massage,3
masseuse,1
massive,6
master,7
mastered,1
mat,1
match,15
matched,1
matching,2
mate,1
material,19
materializes,1
mateusz,2
math,1
matrix,5
matt,1
matter,40
matterial,1
matthew,1
max,9
maximise,1
maximum,4
maxxum,25
maxxums,2
may,57
maybe,163
mazelike,1
mbbwjlw,2
mcclouds,1
mcdavid,2
mcgary,1
mcr,1
md,1
mdkle,1
mean,61
meaning,5
meant,8
meantime,2
measure,29
measured,22
measurement,18
measuring,8
mechanic,1
mechanically,1
mechanism,1
medal,1
medford,1
medial,1
medical,4
mediocre,1
medium,41
meet,13
meetups,3
mega,7
megacruisers,2
megathread,1
melbourne,3
melted,1
melting,1
member,2
memo,1
memorize,1
memory,11
men,42
ment,2
mental,5
mentality,1
mention,8
mentioned,11
mentionned,1
merch,1
merchant,1
merge,1
merges,1
merging,1
merino,1
merit,2
merritt,1
mery,1
mesh,2
mess,5
message,10
messaged,1
messed,7
messing,6
met,2
meta,1
metal,20
meter,12
method,13
metre,1
metric,3
mexico,1
meyers,1
mf,8
mfer,1
mfiv,1
mgugrt,1
mh,1
mi,1
micoblades,1
micro,12
microblade,2
mid,12
middle,22
midfoot,1
midlife,1
midwest,2
midwestern,1
might,102
mighty,2
migraine,1
mild,1
mildly,2
mile,47
military,1
mill,2
millan,1
miller,1
milling,3
million,2
milwaukee,1
mimg,1
mimic,1
min,29
mind,39
mindgame,2
mine,32
mini,5
minimal,7
minimize,2
minneapolis,2
minor,6
mint,4
minton,2
minus,4
minute,62
mips,2
miracle,1
mirror,1
misaligned,3
misalignment,1
miscue,1
miserly,1
miss,10
missed,8
missing,21
mistake,6
mistaken,1
misty,2
misunderstanding,1
misunderstood,1
miswest,1
mit,1
mitigate,1
mix,4
mixed,1
mixing,1
mixt,1
miz,1
mizou,4
mizous,2
mizusawa,1
mizzou,2
mm,478
mnt,1
mo,1
mobile,3
mobility,5
mobilty,1
mock,1
mocked,1
mod,11
modability,2
moddable,1
model,84
moderate,6
moderately,1
modern,7
modification,6
modified,3
modify,6
modifying,1
modular,1
mohawk,1
moist,1
moistened,1
moisture,4
mold,23
moldable,15
molded,13
molding,14
mom,6
moment,21
momentum,6
monday,1
mondo,2
mondopoint,3
money,56
monster,1
monterey,1
month,123
montre,5
mood,1
mook,1
moon,1
morale,1
morning,5
moron,1
mortar,2
mortifying,1
mostly,86
moth,1
mother,1
motion,8
motivate,1
motivated,2
motivating,1
motivation,2
motocross,1
motor,2
motorcycle,2
mould,1
moulded,2
moulding,3
mount,34
mountain,1
mounted,7
mounting,23
move,60
moved,9
movement,23
movie,9
moving,27
mow,1
moxi,1
mpc,3
mph,7
mpik,1
mq,1
mqhcl,1
mqvmq,1
mr,1
msrp,1
mt,5
much,327
mucking,1
mud,1
multi,1
multicoloured,1
multiple,13
mum,2
murda,3
muscle,28
muscling,1
muscular,2
museum,1
mushroom,4
music,9
musician,1
must,20
muttering,1
mutual,1
muxh,1
mw,3
mxxovbnksi,2
mxz,1
myfit,27
mystery,1
myth,1
mz,2
n,14
nagging,1
nail,1
nailed,1
nailing,2
naive,2
naked,1
name,20
namely,1
naming,1
narow,1
narrow,60
narrowed,3
narrower,7
narrowest,1
nastiest,1
nasty,6
national,1
natural,15
naturally,15
nature,2
navicular,4
navigate,1
navigating,1
navy,2
nbg,1
nbsp,7
nd,13
ne,1
near,41
nearby,4
nearly,16
neat,1
necessarily,4
necessary,6
necessity,1
need,285
needed,16
needing,9
needle,4
neeeeeeeeeever,1
negated,1
negative,6
negativity,1
negotiate,1
neighbor,1
neighborhood,22
neighbourhood,1
neither,1
nelson,1
nemirovsky,1
neo,1
neoprene,7
neos,1
nerd,1
nerve,2
nervous,15
ness,1
net,3
netherlands,5
never,121
new,449
newb,4
newbie,18
newcomer,1
newer,11
newest,1
newish,2
newly,1
newyork,2
next,134
nexus,3
nice,78
nicely,8
nicer,10
niche,2
nick,3
nicktodorov,1
nigh,1
night,16
nightmare,2
nighttime,1
nike,7
nimble,2
nimbleness,1
ninety,2
nirvjkv,1
njgkq,1
nk,1
nkuq,1
nl,2
nlgi,1
nmskctuvqjy,2
nn,19
nnw,1
nob,2
nobody,2
nofx,1
noise,5
noisy,1
non,27
none,8
nonetheless,1
noob,11
noodling,1
nook,1
nooo,1
noooo,1
nope,2
norfolk,1
normal,69
normality,2
normally,24
nornal,1
north,3
northwest,1
norway,1
nostalgia,3
nostalgic,1
notably,2
notch,1
note,20
nothing,50
noticably,1
notice,17
noticeable,11
noticeably,3
noticed,45
noticing,5
notification,2
notion,1
nov,1
november,5
novice,7
nowadays,4
nowdays,1
nowhere,5
nq,1
nqas,2
nr,1
nrk,2
nrl,1
null,1
nullify,1
numb,11
number,11
numbness,2
numerous,4
nun,1
nut,10
nvnemzktul,1
nw,2
ny,3
nyc,4
nylon,1
nyzj,1
nz,3
o,1
oak,5
oakcity,1
oakland,2
ob,1
object,1
oblige,1
obnoxious,1
obo,2
observation,1
obsessed,5
obsessing,1
obsession,1
obsessively,1
obstacle,9
obtained,1
obvious,5
obviously,30
obvs,1
ocassionally,2
occasion,1
occasional,6
occasionally,7
occasionaly,1
occur,1
occurs,1
ocean,1
oct,1
october,4
odd,5
offer,31
offered,4
offering,4
office,1
official,3
officially,1
offroad,7
offroading,1
offset,1
often,26
og,1
oh,5
ohhh,1
ohio,1
ohioskates,1
oil,8
oiled,1
ointment,1
ois,1
ojy,2
ok,30
okay,19
okish,1
okoqibc,1
old,156
older,18
oldschool,1
ole,1
olferae,1
olny,1
olympian,1
om,1
omfg,1
one,495
ongoing,1
oniceperspective,1
online,99
onnn,1
ontk,2
onto,16
oodqwy,1
oomph,1
oorrov,1
ooyzsam,1
op,1
opaque,1
open,37
opened,1
opening,1
operation,1
opinion,47
opportunity,5
opposed,4
opposite,5
ops,2
opt,4
opted,2
optimal,6
optimum,5
option,110
optional,2
orange,1
ordeal,2
order,84
ordered,66
ordering,12
ore,1
org,5
oriented,4
origami,3
original,25
originally,15
orlando,1
orleans,2
orr,1
orthopedist,1
orthotic,1
orthotics,5
oslv,2
ostensibly,1
ot,1
others,26
otherwise,18
ouf,1
outback,1
outdoor,19
outdoors,21
outer,15
outfit,1
outgrew,1
outgrow,3
outgrowing,2
outpace,1
outpost,1
outrageous,2
outright,2
outset,1
outside,79
outspin,1
outstanding,1
outta,2
outward,3
outwards,2
ov,2
oval,2
ovalhead,1
oven,4
over,3
overall,14
overcome,5
overcoming,6
overconfident,1
overdid,1
overkill,2
overlooked,1
overly,4
overnight,1
overpriced,1
overprotecting,1
overreacting,1
oversized,1
overstretching,1
overthinking,3
overweight,2
overwhelmed,9
overwhelming,4
overwhelmingly,1
overworked,1
ow,1
owned,18
owner,5
ownership,1
owns,2
oxblood,1
oxelo,8
oxelos,1
oxibxeyg,1
oxygen,1
oysi,14
oz,4
p,80
pa,2
pace,7
pacific,2
pack,8
package,6
packed,3
packet,1
pad,58
padded,2
padding,25
page,14
paid,6
pain,99
painful,15
painfully,4
paing,1
paint,3
painted,2
painting,1
pair,590
paired,3
pal,1
palm,10
pandemic,17
pant,10
papab,1
paper,5
paralle,1
parallel,11
pardon,2
pare,1
parent,6
paris,1
park,159
parking,18
parkour,4
part,97
partial,1
participate,2
particular,10
particularly,15
partly,1
partner,7
party,4
pas,6
passable,1
passed,5
passing,1
passion,1
past,48
pastic,1
pat,1
patch,2
path,38
pathetic,1
pathway,1
patience,1
patiently,1
patio,1
pattern,1
paul,1
paved,22
pavement,33
pavment,1
pay,21
paying,3
payslip,1
pc,1
pcode,2
pd,9
pdhy,1
peace,4
peak,1
peaked,2
pear,1
pebble,4
pecise,1
pedestrian,2
peds,1
peeking,1
peeled,3
peep,1
peertube,4
peices,1
pen,1
penguin,1
penned,1
people,204
per,13
perface,1
perfect,41
perfected,1
perfectionist,1
perfectly,21
perfomance,1
perform,6
performance,16
performed,1
perhaps,9
period,21
permanent,1
permanently,1
permatex,1
permission,1
persists,1
person,19
personal,10
personality,1
personally,17
perspective,1
persuaded,2
pesky,1
peterglenn,1
petite,1
petition,1
pew,2
pg,1
phase,2
phased,1
phew,1
philly,1
philosophy,3
phoenix,1
phone,1
photo,16
phuzion,30
phuzions,3
physical,7
physically,6
physio,1
pia,1
pic,16
pick,39
picked,39
picking,18
picky,1
picskates,1
picture,37
piece,10
pigeon,2
pilate,1
pilers,1
pill,1
pillow,1
pin,1
pinch,1
pinched,1
pinching,5
pink,13
pinky,5
pinned,1
pint,1
pipe,9
pissed,2
pittsburgh,1
pity,1
pivot,6
pivoting,1
pjoineqcfdorloqeq,1
pjpg,43
pl,1
place,116
placebo,1
placed,5
placement,2
placing,1
plan,46
plane,1
planned,3
planning,23
plantar,1
plantation,2
planting,1
plastic,71
plate,32
platform,5
play,22
played,17
player,5
playground,1
playing,13
playlife,2
playlist,4
plaza,2
pleaaase,1
pleasant,1
pleasantly,2
please,73
pleasing,1
pleasure,2
plentiful,1
plenty,13
plethora,1
plier,2
plight,1
plop,1
plow,4
pls,5
plunge,1
plus,17
plush,2
plz,2
pm,7
png,58
pnw,2
poc,1
pocket,1
poessions,1
point,102
pointed,1
pointer,6
pointing,2
pointy,1
pokemon,1
poking,3
poland,1
polarizing,1
police,1
policeauctionscanada,1
policy,2
pollination,1
polyurethane,1
poodc,1
pool,1
poor,10
poorly,3
pop,7
popped,2
popping,3
popular,10
portable,1
portrait,1
portugal,1
pose,1
position,34
positional,1
positioned,1
positioning,1
positive,7
positivity,2
possibility,7
possible,79
possibly,12
post,99
postage,1
posted,17
poster,2
posting,7
posture,7
postured,1
potential,6
potentially,8
pothole,1
poularity,1
pound,9
pour,1
powder,1
powell,1
power,39
powerblading,3
powered,1
powerful,1
powersilde,1
powerslide,208
powerslides,7
powerstop,10
powerstops,2
powertransfer,1
ppcc,1
ppl,3
pppk,1
ppx,3
pqskmdz,1
pr,1
practical,2
practically,2
practice,49
practiced,4
practicing,35
practicioner,1
practise,2
practised,1
practising,1
pragmatic,1
prail,1
praise,1
pre,17
precise,3
precurved,1
predator,2
predicament,1
preface,1
prefer,46
preferably,12
preference,6
preferred,10
preferring,1
preform,1
preforming,1
premature,1
premium,2
preorder,5
preordered,1
prep,1
prepare,3
preparing,2
prerockered,1
presence,1
present,3
preserving,1
press,4
pressed,3
pressing,2
pressure,46
pretty,193
prevent,11
preventing,2
prevents,2
preview,71
previous,11
previously,4
price,91
priced,7
pricewise,1
pricey,3
pricing,1
primarily,12
primary,2
prime,8
primer,1
priming,1
principle,2
print,2
printed,2
printing,1
prior,4
prioritize,1
priority,3
pristine,1
private,4
prix,1
prize,1
prmd,1
prntscr,2
pro,98
prob,1
probability,1
probably,86
problem,151
problen,1
probs,1
process,10
processed,1
processing,7
produce,5
produced,3
producing,1
product,70
producte,1
production,8
produkte,1
professional,7
professionally,1
proficient,3
profile,39
profusely,1
program,3
programming,1
progress,16
progressed,1
progressing,3
progression,5
prohibited,1
project,6
projecting,1
prolineskates,2
prolonged,1
promise,4
promised,1
promising,2
promo,2
promoting,1
prompt,1
promptly,2
pronate,1
pronating,4
pronation,5
prone,2
proof,2
prop,2
propagate,1
propel,1
propelled,1
propelling,1
proper,21
properly,17
property,1
propose,2
propper,1
propriety,1
proprioception,1
proskate,1
proskater,2
proskaterplace,3
proskaters,1
proskatersplace,5
protect,7
protected,1
protection,23
protective,16
protector,6
prototype,3
prototypical,1
protrudes,1
protruding,1
proud,3
prove,2
proved,1
proven,1
provide,17
provided,2
provides,2
proxy,1
prying,1
ps,1
psa,1
psc,6
pseudo,1
psyching,1
psychological,1
psychology,1
pt,3
pub,2
public,6
publication,1
puck,2
puddle,1
pudujdemyj,1
pull,12
pulled,6
puller,2
pulling,6
pulse,1
puma,2
pump,4
pumping,3
punch,3
punched,1
punching,2
punk,2
pup,1
purchase,38
purchased,15
purchasing,8
pure,5
purely,1
purple,6
purply,1
purpose,12
pursue,1
pursuing,1
push,26
pushed,7
pusher,1
pushing,13
pussy,1
put,127
putting,38
pvc,1
pw,2
pwbgfool,1
pxdt,1
pyhey,1
pz,1
q,14
qaolsl,1
qbqlgqjq,1
qc,2
qdqs,2
qeov,1
qj,2
qjxatz,1
qstoud,1
quad,72
qualifies,1
quality,56
qualm,1
qualtiy,1
quarantine,9
quarter,11
quatro,1
quattro,2
quattromount,2
que,2
quest,1
question,160
questioning,1
quick,18
quicker,3
quickly,24
quiet,3
quiete,1
quieter,1
quietly,1
quiiiite,1
quit,3
quite,98
quitter,1
quitting,3
quote,1
qwr,1
qyg,1
qzh,1
r,71
race,8
rachet,3
racing,7
racism,1
racist,1
racquet,1
radiating,1
radius,7
radon,16
raf,1
rag,1
rage,1
ragged,1
rail,32
rain,13
raining,2
rainy,2
raise,3
raised,11
raising,1
ramble,1
rambling,3
ramp,20
ran,6
random,5
randomly,1
range,42
ranked,1
rant,7
rap,2
rapid,1
rare,9
rarely,6
raspy,1
ratchet,4
rate,2
rated,2
rather,34
rating,2
rattle,1
rattling,3
raven,2
raw,2
raycons,1
razor,57
razorsslblackskate,1
rb,76
rc,5
rd,5
rdnb,1
reach,6
reached,5
reaching,3
react,1
reaction,6
reactionary,1
read,53
readily,3
reading,29
readjusted,1
ready,17
real,25
realised,4
realistically,2
reality,2
realization,1
realize,11
realized,15
realizing,3
realllyyyy,1
really,472
realm,5
rear,7
reason,51
reasonable,7
reasonably,3
reasoning,2
reba,1
rebel,2
rebuilable,1
rec,7
recall,6
reccomend,1
reccomendations,3
reccs,1
receive,2
received,13
receiver,1
receiving,2
recent,8
recently,125
reception,1
recess,1
recessed,1
recieved,3
reckon,2
reckoned,1
recognition,1
recognize,1
recognizi,1
recognizing,1
recollection,1
recomended,1
recommemd,1
recommend,82
recommendable,1
recommendation,137
recommended,34
recommending,3
recommends,1
record,7
recorded,2
recording,1
recover,2
recovered,1
recovers,1
recovery,3
recreation,3
recreational,23
recreationally,4
recs,5
rectangle,1
rectangular,1
recurrent,1
red,26
redd,73
reddit,41
redditor,1
redditors,1
redo,1
reduce,7
reduces,1
redundancy,1
ref,12
refer,1
reference,10
referring,2
refining,1
reflective,1
reflex,2
refund,7
refuse,2
regain,1
regained,1
regard,12
regarding,12
regardless,6
regenerative,1
regime,1
regimen,1
regiment,1
region,1
regret,1
regular,23
regularly,9
rehab,1
rehabbed,1
reign,15
reigniting,1
reimburse,1
reimbursement,1
reinforced,1
reinvest,1
reissue,1
rejoin,1
rekd,2
related,12
relative,4
relatively,12
relaxing,2
relearn,3
relearning,3
release,9
released,4
relevant,5
reliable,4
reliably,1
relic,1
relief,1
relieve,2
reliever,1
religiously,2
relive,1
relocate,1
relube,1
reluctant,4
reluctantly,1
remain,1
remains,1
remarkable,1
remedied,1
remedy,3
remember,64
remembered,1
remembering,1
remembers,1
remind,2
reminded,2
reminder,1
reminiscent,1
remix,1
remorse,1
remotely,3
removable,9
remove,16
removed,135
removing,4
remz,4
renctly,1
renegade,1
renewed,1
rent,2
rental,2
reopen,1
reorder,1
rep,2
repair,2
repaved,1
repeated,1
repeatedly,1
repetition,1
repetitive,3
replace,44
replaced,12
replacement,38
replacing,12
replacment,1
replicate,1
reply,8
repost,1
republic,1
reputation,3
request,2
require,6
required,3
requirement,4
requires,2
requiring,1
requisite,1
rereleased,1
research,45
researching,5
resell,2
reseller,1
resellers,1
resemble,1
resentment,1
reserved,1
reset,1
reshape,2
residue,1
resign,1
resilience,2
resolve,2
resort,1
resource,13
respect,3
respectable,1
respectively,2
respond,3
responsable,1
response,7
responsive,4
responsiveness,4
rest,14
restarted,1
restock,1
restocked,1
restocking,1
restoring,2
restraint,1
restrict,2
restriction,3
restrictive,1
result,16
resupplied,1
resurgence,1
retail,1
retailer,4
retain,3
retaliate,1
retention,1
retire,1
retracing,1
retrospective,1
return,38
returned,4
returner,1
returning,14
reuse,1
reusing,1
reverted,1
review,31
revolution,1
rewatch,1
rf,1
rfx,1
rh,1
rhe,1
rhetoric,1
rhythm,1
rib,2
rice,1
rich,1
richie,1
richmond,1
rid,7
ridden,6
ridder,1
ride,110
rider,6
ridge,2
ridiculous,3
ridiculously,2
riding,68
riedell,1
rig,1
right,257
rigid,6
rigidity,5
ring,1
ringer,1
rink,38
rip,3
ripoff,1
ripped,7
ripstik,3
ripstiks,2
rise,1
rising,1
risk,7
risport,1
risports,1
rit,3
rivet,2
riveted,2
rl,2
rlidbeye,2
rmnqxu,1
rn,3
road,84
roadside,1
roaming,1
rob,1
robin,1
robot,1
robust,2
roce,1
roces,54
rock,13
rocked,4
rocker,64
rockerable,11
rockered,30
rockering,19
rocket,1
rocketed,1
rocking,8
rocky,1
rod,2
roex,2
role,4
rolerblading,1
roll,38
rolle,1
rolled,4
rollenshop,4
roller,115
rollerbalding,1
rollerblade,324
rollerbladecrossfire,1
rollerbladed,13
rollerblader,8
rollerblading,198
rollerblase,1
rollerex,1
rollernews,1
rollerskate,2
rollerskates,3
rollerskateusa,1
rollerskating,8
rollersnakes,1
rollerwarehouse,8
rolling,37
rolmztrbldmns,2
roman,2
rona,1
ronin,2
roolling,1
room,49
roomy,2
rope,1
rota,1
rotate,11
rotated,2
rotating,4
rotation,9
rouet,1
rough,42
rougher,8
roughly,9
round,13
rounded,1
route,18
routine,6
row,2
rowing,1
royale,3
royales,4
rprw,1
rrtcjzv,1
rsx,1
rsyw,1
rub,4
rubbed,1
rubber,6
rubbing,7
rubbish,2
rucker,3
rug,1
ruin,1
rule,14
run,46
rundown,1
runner,6
running,22
runway,1
rural,6
rush,1
rushing,1
rust,4
rusted,3
rustproof,1
rusty,4
ruzb,1
rv,1
rwbvr,1
rx,2
ryhifi,1
sa,3
sabre,3
sack,1
sacrifice,3
sacrilege,1
sad,6
saddened,1
sadly,14
safe,16
safely,3
safer,3
safety,7
said,48
saint,3
sake,3
salchow,1
sale,19
salesperson,1
salla,1
salomon,16
salt,3
salty,1
salute,1
salvageable,1
sam,1
sample,2
samsung,1
san,6
sand,4
sandal,3
sanding,1
sandpaper,1
sandwich,1
sandy,3
sane,1
sascha,1
sat,3
satisfied,2
satisfy,1
satisfying,1
saucer,1
savage,1
save,13
saved,1
saving,9
saw,50
say,122
saying,18
sbt,1
sc,1
scale,2
scammed,1
scammer,1
scarce,1
scare,2
scared,20
scarier,1
scary,2
scenario,2
scene,5
scenic,1
sceptical,1
schedule,2
schematic,1
scheme,1
schlep,1
scholl,1
school,19
schwarz,2
scisoring,1
scissor,4
scissors,1
scooter,7
scope,1
score,1
scored,2
scorpion,2
scotland,1
scott,1
scout,1
scr,1
scrape,7
scraping,4
scratch,14
scratching,2
screen,1
screw,31
screwdriver,3
screwed,3
screwing,2
script,2
scroll,2
scrolled,1
scrunched,2
scuff,7
scuffed,4
scuffing,1
scypiehtol,1
sd,1
se,1
sea,3
seafront,2
seal,1
seam,4
search,21
searched,5
searching,22
season,11
seasoned,1
seated,1
seattle,3
seba,106
sebafrwomenskatepink,1
sebas,5
sec,2
second,79
secondary,1
secondhand,2
secondly,1
secret,1
secretly,1
section,8
secure,3
securely,1
secures,1
security,1
sedentary,1
see,146
seeing,26
seek,2
seeking,3
seem,124
seemed,18
seemingly,4
seemlesly,1
seems,141
seen,84
sega,1
segment,1
seized,2
seizing,1
seldom,1
select,1
selected,1
selection,3
self,14
selfie,1
selfmade,1
sell,40
seller,2
selling,29
semi,6
senate,6
send,18
sending,5
sendit,1
sends,1
senior,3
sense,26
sensible,3
sensory,1
sent,12
separate,7
separately,5
separation,3
seperate,1
sept,2
september,4
serialwheeler,1
series,9
serious,11
seriously,15
serpentineroad,1
served,1
server,2
service,10
serviceable,7
serviced,1
sesh,1
session,61
set,158
setback,2
setting,11
settle,4
settled,5
settling,1
setup,124
seven,2
several,19
severe,5
severely,2
sexecc,1
sexy,2
sfr,1
sg,2
sgsports,1
shadow,2
shake,2
shaky,1
shall,1
shallow,2
shame,1
shape,44
shaped,6
share,42
shared,2
sharing,5
shark,1
sharkwheel,2
sharp,9
sharpen,1
sharpened,1
sharply,3
sharuhn,1
shattering,1
shave,2
shear,1
shed,8
shedding,1
sheepish,1
sheet,3
shelf,1
shell,138
sheltered,1
shi,1
shield,4
shift,14
shifted,3
shifting,3
shill,2
shima,7
shimas,1
shimmy,1
shin,10
shiny,1
ship,14
shipment,3
shipped,11
shipping,35
shirt,6
shit,21
shitstorm,1
shitty,3
shiz,1
shock,20
shocked,2
shoe,106
shoelace,5
shoesizes,1
shoot,2
shooter,1
shooting,1
shop,101
shopify,1
shopkeeper,1
shopping,8
shoptask,2
shore,1
short,43
shortage,3
shorten,1
shorter,10
shortly,1
shortness,2
shot,12
shoulder,10
shouldnt,1
shout,3
shoutout,2
shoved,2
show,25
showcase,1
showed,5
shower,2
showered,1
showing,5
shown,3
shred,1
shredding,1
shreddit,3
shrink,2
shucking,1
shunt,3
shut,4
shutting,1
shy,1
si,2
sick,5
sickness,1
sid,2
side,103
sidebar,1
sided,2
sidenote,1
sidewalk,35
sidewall,1
sideways,1
siding,1
sidivan,1
sight,2
sign,5
signed,2
significant,13
significantly,6
silcox,1
silent,1
silly,8
silver,8
similar,72
similarly,2
similiar,1
simple,9
simpler,1
simplest,1
simplified,2
simply,12
simulation,1
simutaneously,1
since,240
singapore,2
singaporean,2
single,23
sings,1
sinned,1
sinner,1
sinv,1
sister,3
sit,10
site,35
sits,1
sitting,5
situation,16
six,2
siz,1
size,760
sized,11
sizing,73
sjshshdhsjqa,1
sk,3
skaing,1
skamidan,3
skatable,1
skate,2155
skateable,2
skateboard,17
skateboarder,1
skateboarding,17
skated,102
skatefam,1
skatepark,33
skateparks,10
skatepart,1
skatepro,29
skater,159
skaterhq,2
skati,1
skating,761
skeleton,3
skeptical,1
skepticism,1
sketch,1
sketched,1
ski,16
skid,1
skier,1
skiier,2
skiiing,1
skiing,11
skill,32
skilled,1
skillful,1
skillset,1
skimping,1
skin,20
skinned,1
skinnier,1
skinny,14
skinnyboy,2
skinnyboys,1
skip,1
skull,1
skyrocket,1
sl,23
slalom,70
slaloming,2
slant,1
slanty,1
slap,1
slapped,1
slapping,1
slate,1
slave,1
sld,2
sleep,2
sleeve,6
slender,2
slick,5
slickwillies,3
slid,1
slide,70
slider,3
slidey,2
sliding,17
slidingtiger,2
slight,10
slightest,3
slightly,51
slim,14
slimline,3
slimlines,2
slip,7
slipped,3
slipper,2
slippery,6
slipping,6
slog,1
slope,2
sloped,1
sloppy,3
slot,1
slovakia,1
slow,30
slowed,2
slower,2
slowing,5
slowly,16
slows,1
sluggish,1
sm,3
smack,2
smacked,1
small,145
smaller,39
smallest,10
smart,1
smashing,1
smear,2
smell,3
smile,1
smoking,2
smooth,41
smoother,12
smoothest,2
smoothing,1
smoothly,2
smoothness,1
snack,1
snag,1
snagged,1
snail,1
snake,2
snap,8
snapped,2
snappy,2
sneaker,3
sniff,1
sniffing,1
snooping,1
snow,10
snowball,1
snowboard,4
snowboarder,1
snowboarding,1
snug,39
snugger,1
snuggly,2
snugly,4
so,1
soak,1
soaking,1
soccer,2
social,5
socializing,1
society,1
sock,48
soda,1
sodos,3
soft,56
softboot,7
softer,13
softness,1
softshell,1
sol,6
sola,2
sold,29
sole,7
solely,2
solid,26
solo,3
solomans,1
solomon,5
solution,24
solve,4
solved,1
solving,1
somebody,5
somehow,8
someody,1
someone,78
somerset,1
something,282
somethings,2
sometime,4
sometimes,42
somewhat,20
somewhere,14
son,2
song,3
soo,2
soon,43
sooner,2
sooo,3
soooo,1
sooooo,2
sore,13
soreness,5
sorry,44
sort,30
sorta,3
soul,41
soulframes,1
soulgrind,3
soulplate,3
soulplates,4
sound,28
sounding,1
source,11
south,3
southeast,1
space,33
spaced,1
spacer,13
spacers,28
spacing,3
spacious,2
spain,5
span,1
spare,3
spark,2
sparked,1
spassov,1
spc,1
speak,1
speaking,4
spec,7
special,13
specialist,4
specialized,2
specially,4
specialty,1
specific,44
specifically,30
specification,2
specify,1
spectacular,1
spectrum,1
speculation,3
speed,149
speedbrake,1
speedbumps,2
speeding,3
speedskate,1
speedskater,1
speedskates,2
speedster,1
speedway,1
speedy,1
spell,1
spend,44
spending,16
spent,16
spice,2
spider,2
spill,2
spin,47
spinal,1
spine,3
spinner,1
spinning,8
spirit,1
splash,2
splashed,1
splint,2
splinter,1
split,5
splurg,1
splurge,1
splurged,1
spo,4
spoil,1
sponsored,2
spooked,1
sport,25
sporting,3
spot,42
spotify,4
spotlight,1
spotted,1
sprain,3
sprained,2
spraining,1
sprawling,1
spray,2
spraying,1
spread,2
spreading,1
spring,11
springing,1
sprint,3
sprinting,1
spurt,1
square,4
squat,2
squeak,2
squeaking,1
squeaky,4
squeeze,6
squeezed,1
squeezing,1
squirm,1
squishiness,1
sr,3
src,1
ssbx,1
ssjg,1
st,17
stab,1
stability,23
stable,16
stacked,1
stage,3
staggered,1
stair,13
staircase,1
stake,1
staking,1
stalking,1
stall,11
stalling,3
stamen,8
stamp,1
stance,11
stand,16
standard,15
standing,16
stanford,1
stankin,1
staring,1
stark,1
start,159
started,95
starter,2
starting,40
stash,1
state,10
stated,3
statement,4
static,1
station,2
stationary,4
stay,33
staying,9
steady,4
stealth,2
stealthier,1
steeeep,1
steel,3
steep,4
steer,2
steering,1
steez,1
stem,1
step,19
stepdad,1
stepped,1
stepping,5
sterling,1
stick,28
stickiness,1
sticking,9
sticky,4
stiff,16
stiffer,2
stiffness,1
still,217
stink,3
stinkyyy,1
stitching,1
stkate,1
stlouis,2
stock,115
stocked,1
stockwell,1
stoked,4
stolen,5
stomping,1
stone,6
stop,115
stoping,2
stoppard,2
stopped,26
stopper,1
stopping,27
store,43
storm,4
story,19
stpjb,1
strafe,1
straight,33
straightened,1
straightforward,1
strain,1
strange,7
strangely,2
stranger,3
strap,75
strapped,2
strapping,2
strategy,1
strava,4
streaming,1
streamlined,2
streching,1
street,105
streetskates,1
strength,11
strengthen,3
stress,3
stretch,25
stretched,1
stretcher,1
stretching,9
strewn,1
strict,2
strictly,1
stride,10
striding,2
string,1
stripped,1
stroke,1
stroll,1
strolling,1
strong,14
stronger,3
strongly,1
structural,1
structure,4
struggeling,1
struggle,6
struggled,2
struggling,10
stubbing,3
stubborn,1
stuck,24
student,9
stuff,72
stumbled,3
stumbling,1
stunk,1
stunt,12
stunting,1
stupid,26
stupidly,2
sturdiness,1
sturdy,4
style,61
suave,1
sub,37
subbed,1
subdivision,1
subject,2
subjective,1
submission,3
submit,2
suboptimal,1
subreddit,13
subset,1
substance,1
substantial,1
substantially,2
subtitle,1
suburb,1
suburban,3
subway,1
succesfully,2
success,1
successful,2
successfully,4
succession,1
successor,1
suck,10
sucked,1
sucker,2
suction,1
sudden,2
suddenly,5
suds,1
suffer,1
suffered,1
suffice,1
sufficient,1
sugestions,1
suggest,21
suggested,9
suggesting,1
suggestion,104
suggests,3
suit,15
suitable,8
suited,9
sum,1
summer,24
sumo,2
sun,1
sunday,3
sunken,1
sunnier,1
sunny,1
sunset,1
sup,1
super,86
supercar,1
supercruiser,1
superfeet,7
superheroes,1
superior,2
superlaggera,1
supersonic,5
supinating,4
supination,4
supine,4
suposed,1
supplement,1
supplier,1
supply,2
support,60
supported,3
supporting,3
supportive,12
supportiveness,1
suppose,9
supposed,25
supposedly,4
supreme,4
supremes,1
sure,211
surely,2
surface,39
surge,1
surgery,5
surprise,4
surprised,8
surprising,1
surprisingly,2
surreal,1
surround,1
surrounding,3
surveillance,1
survey,1
survive,1
suspect,5
suspected,1
suspension,1
suuuper,1
suv,1
sw,7
swamp,1
swap,17
swappable,2
swapped,2
swapping,8
sway,42
swear,6
sweat,5
sweating,1
sweatsaver,1
sweaty,3
sweet,3
sweetest,1
swell,23
swerve,1
swerving,1
swim,1
swimming,1
swing,4
swirly,1
swiss,2
switch,23
switched,5
switching,12
switzerland,1
swollen,2
sx,11
sxi,2
sxsrf,1
sydney,1
symetrics,3
symmetric,1
sympathy,1
sync,1
system,21
sz,3
szo,1
tab,5
tack,2
tackle,2
tad,6
tadd,1
tag,5
tail,1
tailbone,5
tailor,1
take,123
takeaway,1
taken,13
taking,31
talent,1
talented,1
talk,9
talked,1
talkin,1
talking,9
tall,14
taller,2
tally,1
tampa,3
tan,1
tangled,1
tank,3
tap,2
tape,7
taping,1
tapped,1
target,2
targeted,2
tarmac,4
task,12
taste,3
tau,18
taught,3
tax,2
tbh,11
tbm,1
tbn,2
tcx,1
td,2
tdc,1
tdtuso,2
te,2
teach,7
teaching,5
teal,4
team,21
tear,9
tearing,3
teasing,1
tec,2
tech,2
technical,7
technicality,1
technically,1
technique,32
technology,2
tedious,1
tee,1
teen,17
teenage,2
teenager,9
teeny,1
teenyweeny,1
teeth,1
telegram,1
tell,43
telling,1
temp,1
tempest,2
tempish,5
template,1
temporary,2
tempted,5
ten,3
tend,14
tended,1
tendency,1
tender,1
tenderness,1
tendon,1
tendonitis,1
tends,1
tennis,2
tension,1
tenth,1
tepn,1
term,29
terminology,1
terra,1
terrace,1
terrain,9
terrible,9
terribly,4
terrier,1
terrified,2
terrifying,1
terrifyingly,1
test,13
testing,5
texas,1
text,7
texture,4
textured,2
tg,1
tgfilms,1
tgrq,1
th,39
thab,1
thailand,1
thank,121
thanked,1
thankfully,4
thanking,1
thanks,369
thankyou,1
thats,13
theme,1
thems,5
theoretical,1
theoretically,1
theory,8
theperfectgift,2
therapy,2
there,3
therefore,5
thermoformed,2
theyre,11
thick,15
thicker,7
thickness,8
thigh,2
thin,18
thing,210
thingie,1
thingiverse,1
think,309
thinking,127
thinner,12
third,5
thirty,1
thisissoul,3
tho,8
thorough,1
thoroughly,1
though,100
thoughs,1
thought,143
thousand,2
thread,20
threadlock,2
threadlocker,1
threat,1
threatening,1
three,28
threw,2
thrifted,1
thrilled,2
throne,9
throughout,4
throw,15
throwing,1
thrown,4
thru,1
thumb,5
thuro,5
thuroshop,2
thursday,1
thus,2
thwarted,1
thx,6
tia,9
tibialis,1
tide,2
tie,5
tied,1
tier,5
tierney,1
tif,3
tight,107
tighten,31
tightened,16
tightening,9
tightens,1
tighter,9
tightly,8
tightness,7
til,1
tile,3
till,7
tilt,2
tilted,2
time,371
timer,1
tine,1
tinkering,2
tiny,20
tip,104
tipped,1
tired,8
tiring,3
tissue,1
title,35
tittle,1
tjfczs,1
tjp,1
tko,2
tl,12
tlc,1
tldr,12
tm,1
tmznh,1
today,82
todd,1
toe,166
toebox,7
toecut,1
toed,2
toenail,2
together,22
told,13
tolerance,2
tolerant,1
tolerated,1
toll,1
tom,2
tommorow,1
tomorrow,13
tomt,1
tomy,1
ton,20
tongue,16
tonight,4
tony,1
took,47
tool,23
toolset,1
toomanywheels,1
toooo,2
tooth,1
toothpick,1
top,60
topic,6
topsoul,1
tore,4
torn,10
toronto,3
torque,2
torrent,7
torso,1
tortoise,1
torture,2
tortured,1
tos,1
tot,1
total,19
totally,16
touch,24
touched,3
touching,10
tough,3
tougher,2
toughing,1
tourist,1
tournament,1
toward,3
towards,32
towel,1
tower,1
town,27
toxic,3
tqi,1
traceable,1
traced,1
track,20
tracker,2
tracking,1
traction,2
trade,15
tradeoff,1
traditional,2
traffic,7
trail,44
trailer,1
trailing,1
train,8
training,21
tram,1
transfer,4
transferred,1
transition,27
transitional,1
translate,2
translates,1
translating,1
translation,2
transmitted,1
transmitting,1
transport,2
transportation,2
trapped,1
trash,7
trave,1
travel,8
traveled,1
traveling,1
treacherous,1
treat,2
treated,1
tree,2
tremendous,2
tremendously,1
trendy,1
tri,22
trial,2
triangle,1
triangular,1
tribute,1
trick,143
trickier,1
trickster,1
tricky,2
tried,157
trigger,5
triggered,2
trimax,1
trinity,30
trio,3
trip,20
triple,6
tripped,1
tripping,1
tris,2
triskate,7
triskateframe,1
triskates,22
trix,15
trnity,1
troia,1
troll,1
tron,4
trophy,1
trouble,26
trs,2
truck,3
true,12
truly,3
trust,7
trusted,2
trusting,1
trustworthy,1
truth,2
truthful,1
try,211
trying,179
tsa,1
tsar,1
tsg,1
tstop,1
tstops,1
tszcr,1
tt,4
tu,1
tube,1
tuck,1
tucked,2
tuckered,1
tuesday,1
tuff,1
tummy,1
tune,3
tuning,1
turf,1
turn,92
turned,8
turning,17
turotrals,1
turtle,1
tutorial,11
tuturials,1
tw,1
twenty,2
twice,14
twig,1
twin,3
twincam,4
twiser,1
twisers,1
twist,1
twisted,3
twister,107
twisting,1
twitchy,3
twitter,1
two,112
twvyuoqbbg,1
ty,4
tying,3
tyler,1
tylerwintic,1
type,84
typical,8
typically,8
typo,1
tyre,1
tyring,1
u,160
ub,2
uber,1
uc,4
ucf,1
ucs,1
ue,1
uefbdnhmgh,2
uelxcl,1
ueul,1
uf,1
ufo,1
ufs,43
ugliest,1
ugly,5
uhh,1
uhmw,1
uhock,1
uk,77
ul,1
ulator,1
ultimate,4
ultimately,7
ultralite,1
ultrasonic,1
umming,1
ummm,1
un,2
unaa,1
unable,2
unadjustable,1
unavoidable,1
unaware,1
unbalanced,2
unbearable,3
unbelievable,1
unbiased,1
uncertain,2
uncertainty,1
unclear,2
uncomfortable,19
uncomfortably,3
uncommon,1
undercover,7
undercovers,1
underestimated,1
underfunded,1
underground,2
underneath,2
undersized,1
understand,20
understandable,2
understanding,6
understood,1
underwater,1
undo,1
undone,2
uneaven,1
uneven,10
unexpected,1
unfamiliar,1
unfortunate,1
unfortunately,30
unfortunatley,1
ungainly,1
unglued,1
unhappy,1
uni,2
unicorn,1
uninterrupted,1
unique,1
unit,1
unity,2
univ,2
universal,4
universally,3
universe,2
university,3
unlatched,1
unlearning,1
unleashed,1
unless,16
unlike,1
unload,1
unlucky,2
unnatural,3
unnaturals,1
unnecessary,1
unpaved,1
unpleasant,1
unpopular,1
unproductive,1
unrelated,2
unremovable,1
unsafe,2
unsatisfying,1
unscrew,7
unscrewed,1
unscrewing,2
unseal,1
unsealed,1
unseen,1
unseize,1
unskatable,1
unstabilize,1
unstable,9
unstink,1
unstoppable,1
unsupportive,1
unsure,13
unusable,2
unused,1
unusual,1
unwaxed,1
unworn,1
uofm,1
uovz,1
upcoming,3
update,5
updated,2
upgrade,48
upgraded,9
upgrading,12
uphill,1
uploading,1
uploads,1
upon,6
upped,1
upper,13
upright,1
ups,6
upset,3
upside,1
upsize,1
upsizing,1
upsr,1
uptake,2
upto,1
uptown,2
upwards,1
uqavd,1
urban,111
urethane,9
urge,4
us,5
usa,14
usable,1
usage,1
uscrew,1
usd,120
use,234
used,259
useful,5
usefulness,2
useless,1
user,5
userapi,1
userdata,1
userfiles,1
username,1
using,123
usp,2
usps,4
usqp,1
ussc,2
usual,12
usuall,1
usually,64
utexas,2
utf,6
utm,11
utrecht,1
uuhnnr,1
uv,1
uwn,1
v,142
va,1
vaccine,1
vague,3
vaguely,2
val,2
valance,1
valid,3
valkyre,1
valo,6
valos,4
valuable,2
value,10
vamp,1
van,5
vanished,1
vapor,5
variant,4
variety,2
various,8
varying,2
vat,1
vbxjbzfx,1
vc,1
vccw,1
ved,1
veelo,5
veering,1
velcro,12
veloce,2
velocity,1
vendor,1
venice,1
venmo,1
vent,2
ventilation,2
ventured,1
venue,2
verification,2
verify,1
versatile,8
versatility,2
version,16
versus,1
vert,4
vertically,2
veteran,3
vexjar,1
vhpft,1
vhs,1
via,9
viablade,1
viable,5
vibe,5
vibey,1
vibrate,1
vibration,10
victoria,1
victory,3
vid,6
video,118
videogames,1
videography,1
vids,5
view,7
viewmedica,1
vii,1
vine,1
vinny,2
vintage,2
vinyl,1
viper,3
virginia,2
virtual,1
virtually,2
virus,1
visceral,1
viscous,1
visibility,1
visible,2
vision,1
visit,2
visiting,1
visual,1
visually,1
visuals,1
vital,1
vitriol,1
vividly,1
vjlxxfy,2
vllgoa,1
vlp,1
vo,6
voice,3
void,1
voifz,1
volume,2
volunteer,1
volusion,1
vqflne,1
vrt,1
vryev,1
vspfiles,1
vvqwrv,1
vvsvenbpoaztf,1
vy,1
vyqb,1
vyvm,1
w,47
wa,1
waaay,3
wack,1
wacky,1
waddup,1
wage,1
wairing,1
wait,29
waited,2
waiting,18
wake,1
wale,1
walk,14
walkable,1
walking,13
wall,18
walled,1
wallet,2
walmart,7
walthamstow,1
waltz,1
wander,1
wandering,2
wanna,46
wannabe,1
want,493
wanted,132
wanting,28
ward,1
ware,1
warehouse,14
warm,8
warmed,1
warmer,3
warming,1
warmups,1
warned,1
warrant,1
warranty,3
wary,4
wash,2
washed,2
washer,5
wasnt,2
waste,2
wasted,1
wasting,2
watch,41
watched,13
watching,18
water,6
waterproof,2
wave,3
wax,4
waxed,5
waxing,3
way,211
wayyyyy,1
wb,1
wd,52
wds,1
weak,7
weakness,2
wear,136
weared,1
wearer,1
wearing,41
weary,1
weather,18
weaver,1
weaving,2
web,6
webp,71
webpage,1
website,38
wedge,1
wedging,1
wee,1
weed,2
week,102
weekend,8
weekly,5
weigh,9
weighed,1
weighing,1
weight,65
weightlifting,1
weir,1
weird,21
weirdly,1
welcome,22
welcomed,4
welcoming,1
well,169
wellbeing,1
went,45
west,2
westminster,1
wet,19
wghi,2
wgmhdwb,1
wh,1
whate,1
whatever,18
whatnot,3
whats,10
whatsoever,4
whee,2
wheel,967
wheelbase,8
wheeled,10
wheeler,1
wheeling,3
whenever,15
whereas,2
wherever,2
whether,36
whichever,3
whilst,2
whim,1
whipped,1
whisperer,1
whistle,1
whit,5
whitch,1
white,41
whiz,1
whole,38
wholl,1
whose,1
wi,1
wich,3
wicked,6
wicking,1
wide,119
widen,2
widend,1
wideness,1
wider,28
widest,7
width,119
widthwise,1
wierd,1
wife,18
wig,2
wiggle,15
wiggling,3
wiki,1
wikihow,2
wild,4
willfully,1
willies,1
willing,29
wilson,2
wimpy,1
wind,4
winded,1
windfinder,1
window,3
wing,2
winter,21
wipe,3
wipeout,2
wireless,1
wisdom,2
wise,14
wiser,1
wish,20
wishful,1
wishing,1
witch,1
withdrawn,1
within,12
without,118
withstand,4
witht,1
wizard,69
wizarding,1
wizardry,1
wizstyle,1
wkz,1
wn,1
wnivh,1
wo,1
wobble,4
wobbling,2
wobbly,4
wobblyness,1
wodonga,1
wodth,1
wojda,1
woman,54
wonder,26
wondered,8
wonderful,3
wondering,186
wondow,1
wont,6
woo,1
wood,6
wooden,1
woohoo,1
wool,2
wooo,1
word,6
wording,1
wore,12
work,145
worked,15
working,40
workout,15
world,28
worldwide,1
worn,34
worried,28
worry,13
worryed,1
worse,14
worst,3
worth,48
worthwhile,1
worthy,1
woth,1
would,738
wouldnt,2
wouls,1
wow,2
wp,1
wpfu,1
wpuld,2
wq,1
wqoz,1
wqwfeaonu,1
wrap,3
wrapped,1
wrapping,2
wrecking,1
wrench,5
wriggling,1
wrist,45
wristguard,1
wristguards,4
wristsavers,1
wristwraps,1
writing,3
written,3
wrong,60
wrote,2
wtbu,1
wts,2
wtssebafr,1
wuhanvirus,1
wuq,1
ww,1
www,206
wwweeeeiiiirrrrd,1
wxk,1
wziard,1
x,432
xacodgdqt,1
xahv,1
xant,1
xbox,1
xcnko,1
xd,1
xdd,1
xfirm,1
xix,4
xjq,1
xl,4
xlfo,2
xlsx,1
xmas,1
xn,1
xp,1
xpke,1
xpt,1
xr,6
xsjado,7
xsjados,5
xt,4
xtremeinn,1
xx,1
xxhm,2
xxi,3
xxl,2
xynt,1
xyte,1
xyz,1
y,3
ya,4
yada,2
yall,8
yard,1
yasutoko,1
ye,1
yeah,11
year,319
yeh,1
yehkfb,1
yejjuqb,1
yell,1
yelled,1
yelling,1
yellow,5
yellowing,1
yes,18
yesterday,17
yesteryear,1
yet,60
yikessssssss,1
yk,1
ykr,1
ym,2
yo,9
yoecgbbn,2
yoga,2
york,2
yorkers,1
youd,1
youll,1
young,17
younger,16
youre,1
youtbers,1
youth,5
youtu,29
youtube,61
youtuber,1
youtubing,1
yoyo,1
yp,1
ypisgba,1
yqv,1
yr,5
ysqm,1
ysuytkzdsz,1
yt,3
yu,2
yvw,1
ywbyfgh,2
ywnzls,2
yxjd,1
yzsfp,1
z,11
zack,1
zag,1
zamora,1
zarbv,1
zclepq,2
zczofupx,1
zd,1
ze,1
zentrablade,1
zero,5
zetra,1
zetrablade,17
zetrablades,19
zetras,3
zig,1
zilch,1
zjtvxsow,1
zmmzh,1
znfe,1
zone,1
zoo,1
zoom,31
zoon,1
zq,1
zrhvzel,2
ztrjiqxdl,1
zuyopjspm,1
zviuv,1
zvpynp,1
zz,1
